"h","cov_true","cov_spline","cov_bestmatern","cov_hall","cov_hall_norm"
0,1.01,1,1.07202509881735,0.12318481178155,1
0.0100200400801603,0.988683349972048,0.988715128331831,1.0253843654292,0.123179546446408,0.999957256620632
0.0200400801603206,0.95918718502928,0.958951713675346,1.00143443406748,0.123162919695957,0.999822282590876
0.030060120240481,0.917085830723807,0.916412167781462,0.964830666562729,0.123134959480838,0.999595304810787
0.0400801603206413,0.866709797554465,0.865707493902555,0.918632863701332,0.123095693751692,0.999276550180419
0.0501002004008016,0.811390685494818,0.810683873665923,0.865706549540302,0.123045150459158,0.998866245599825
0.0601202404809619,0.753661011267083,0.754086175235743,0.808558291136584,0.122983357553878,0.99836461796906
0.0701402805611222,0.695416912039024,0.698243466735942,0.749284579088993,0.122910342986492,0.997771894188176
0.0801603206412826,0.638050315923671,0.644479115965385,0.689577233119671,0.122826134707639,0.997088301157229
0.0901803607214429,0.582556035155038,0.593410144453305,0.630756565713888,0.122730760667961,0.996314065776272
0.100200400801603,0.529618294313636,0.545335902854532,0.573816668078526,0.122624248818099,0.995449414945359
0.110220440881764,0.479680421861374,0.50098102360528,0.519474113711945,0.122506626367251,0.994494569545615
0.120240480961924,0.433000782060935,0.46014189675178,0.468215292536171,0.122377917277934,0.993449724101965
0.130260521042084,0.389697483976106,0.422447106894175,0.420339883400536,0.122238144624236,0.992315065927173
0.140280561122244,0.349783956182694,0.387406678493791,0.375999335352995,0.122087331480222,0.991090782333825
0.150300601202405,0.313197104611856,0.355091695039516,0.335230032874753,0.121925500919958,0.989777060634505
0.160320641282565,0.27981946369294,0.325477885724972,0.29798128324296,0.121752676017509,0.988374088141798
0.170340681362725,0.249496496887719,0.298292938932192,0.264138515327731,0.121568879846941,0.986882052168287
0.180360721442886,0.222049992822876,0.273204090245502,0.233542199039502,0.121374135482319,0.985301140026558
0.190380761523046,0.197288330036506,0.250243466498014,0.206003034247899,0.121168465997708,0.983631539029195
0.200400801603206,0.175014240608968,0.229568056967858,0.181313949814693,0.120951894467175,0.981873436488783
0.210420841683367,0.155030585443916,0.210528925853749,0.159259418248655,0.120724447336875,0.980027047092147
0.220440881763527,0.137144557368839,0.193258070676299,0.13962254267506,0.120486167222224,0.978092716786291
0.230460921843687,0.12117064893077,0.17799357496125,0.122190318664042,0.120237101579273,0.976070830813912
0.240480961923848,0.106932656774805,0.164612802081302,0.10675741909452,0.119977297864961,0.973961774424941
0.250501002004008,0.0942649413201966,0.152703014916938,0.0931287986388774,0.119706803536229,0.97176593286931
0.260521042084168,0.0830131170235482,0.141729853724089,0.0811213672521571,0.119425666050016,0.969483691396951
0.270541082164329,0.0730343131256064,0.131443898221956,0.070564939963784,0.119133932863263,0.967115435257794
0.280561122244489,0.0641971159955896,0.122047108594058,0.0613026334669524,0.118831651432911,0.96466154970177
0.290581162324649,0.0563812808372121,0.113593845971468,0.0531908483091341,0.1185188692159,0.962122419978811
0.30060120240481,0.049477281629265,0.105739336982808,0.0460989485427682,0.118195633669169,0.959498431338848
0.31062124248497,0.0433857529353124,0.0981307891805026,0.0399087280373546,0.117861994192464,0.956789984803278
0.32064128256513,0.0380168649666729,0.0912228944014274,0.0345137337872699,0.117518010392431,0.953997564251926
0.330661322645291,0.0332896634717914,0.0851974378213396,0.0298185009815821,0.117163745215973,0.951121680680448
0.340681362725451,0.0291313982013936,0.0801587536278054,0.0257377418673891,0.116799261611904,0.94816284510001
0.350701402805611,0.0254768574906076,0.0757620990724738,0.0221955201101814,0.116424622529039,0.945121568521781
0.360721442885772,0.0222677216009818,0.0713852529272013,0.0191244340515612,0.116039890916193,0.941998361956927
0.370741482965932,0.0194519436263578,0.0670932527608132,0.0164648256504061,0.115645129722179,0.938793736416616
0.380761523046092,0.0169831637815462,0.0630289546439965,0.014164026676865,0.115240401895813,0.935508202912014
0.390781563126253,0.0148201605938089,0.0595964650574155,0.0121756496595213,0.114825770385908,0.932142272454289
0.400801603206413,0.0129263407672656,0.0560176756843166,0.010458927952469,0.11440129814128,0.928696456054609
0.410821643286573,0.0112692681779267,0.0527599526641913,0.00897810691226055,0.11396704996891,0.925171279808528
0.420841683366733,0.00982023149144322,0.0499240489668623,0.00770188640544853,0.113523101380947,0.921567356714909
0.430861723446894,0.00855384920337343,0.0471068244716751,0.00660291358195045,0.113069531715272,0.917885330829448
0.440881763527054,0.00744771042340423,0.0444915385810323,0.00565732394570954,0.112606420314556,0.914125846246751
0.450901803607214,0.0064820494126833,0.0416911069012396,0.00484432814862234,0.112133846521474,0.910289547061423
0.460921843687375,0.0056394516987951,0.0385982302084673,0.00414584155856802,0.111651889678697,0.906377077368069
0.470941883767535,0.00490458950523175,0.0353153311450604,0.00354615345277641,0.111160629128899,0.902389081261296
0.480961923847695,0.00426398421700667,0.0322413701390756,0.0030316326197329,0.110660144214752,0.898326202835708
0.490981963927856,0.0037057936419684,0.029403109534988,0.00259046618132842,0.110150514278928,0.89418908618591
0.501002004008016,0.00321962190314431,0.0269510163778426,0.00221242854437327,0.109631818664101,0.889978375406509
0.511022044088176,0.00279634989916182,0.0246712065007166,0.00188867753527121,0.109104138170026,0.88569472642054
0.521042084168337,0.00242798438822073,0.0230029665252405,0.00161157494684055,0.108567562812276,0.881338869963973
0.531062124248497,0.00210752387913754,0.0214907077505303,0.00137452891915689,0.108022186199012,0.876911565936982
0.541082164328657,0.00182883964528519,0.0200753049695504,0.00117185577721742,0.107468101946542,0.872413574305902
0.551102204408818,0.00158657030980684,0.01862613196223,0.000998659150044173,0.106905403671178,0.867845655037069
0.561122244488978,0.00137602858037399,0.0167333059852848,0.000850724393392718,0.106334184989229,0.863208568096821
0.571142284569138,0.00119311883691737,0.0153210975536294,0.000724426527910133,0.105754539517005,0.858503073451495
0.581162324649299,0.00103426439477928,0.0138322566357093,0.000616650083996072,0.105166560870817,0.853729931067425
0.591182364729459,0.000896343377729037,0.0120352825141798,0.000524719412294834,0.104570342666974,0.848889900910951
0.601202404809619,0.000776632239748742,0.0100697321729696,0.000446338173918291,0.103965978521788,0.843983742948408
0.61122244488978,0.000672756071236801,0.00857835179089719,0.000379536866926071,0.103353563206033,0.839012226517952
0.62124248496994,0.000582644914308976,0.0076399314205668,0.000322627375408186,0.102733199518356,0.833976186127054
0.6312625250501,0.000504495393383441,0.00665288837542925,0.00027416364513426,0.102104993667221,0.828876483963696
0.64128256513026,0.000436737041509146,0.00577671687666496,0.000232907695743954,0.101469051873529,0.823713982316825
0.651302605210421,0.000378002770305373,0.0053735706070153,0.000197800274563183,0.100825480358183,0.818489543475391
0.661322645290581,0.000327102992340562,0.00517748826164012,0.000167935542114932,0.100174385342084,0.81320402972834
0.671342685370741,0.000283002959732274,0.0047066494827659,0.000142539255054516,0.0995158730461334,0.80785830336462
0.681362725450902,0.000244802932148338,0.00421590912438361,0.000120949979400486,0.0988500496912334,0.80245322667318
0.691382765531062,0.000211720831679421,0.0037555633426946,0.000102602926337834,0.0981770214982857,0.796989661942966
0.701402805611222,0.000183077081671566,0.00317384587009561,8.70160552902777e-05,0.0974968946881921,0.791468471462927
0.711422845691383,0.00015828136197141,0.00254066500475913,7.37781351015822e-05,0.0968097763414702,0.785890524500274
0.721442885771543,0.000136821044542577,0.0019772467082145,6.25384946925445e-05,0.0961157801222007,0.780256743766817
0.731462925851703,0.000118251101430476,0.00163047090385789,5.29982300807055e-05,0.0954150227378934,0.77456807668057
0.741482965931864,0.000102185301929467,0.00180589144004754,4.49026657229856e-05,0.0947076209125152,0.768825470793143
0.751503006012024,8.8288537860292e-05,0.0020042582837836,3.80348952760967e-05,0.093993691370033,0.76302987365615
0.761523046092184,7.62701353896362e-05,0.00214134744687239,3.22102505259752e-05,0.0932733508344137,0.757182232821201
0.771543086172345,6.58780290855972e-05,0.00260006338882375,2.72715678298614e-05,0.0925467160296241,0.751283495839907
0.781563126252505,5.68936891461471e-05,0.0033244023395978,2.30851393141933e-05,0.0918139036796312,0.745334610263879
0.791583166332665,4.9127706183392e-05,0.00379468947501776,1.95372516094423e-05,0.0910750305084019,0.73933652364473
0.801603206412826,4.24159497938562e-05,0.0039281958863617,1.65312283739603e-05,0.0903302132399029,0.733290183534069
0.811623246492986,3.66162275738645e-05,0.00386694650011374,1.39849045239564e-05,0.0895795691995019,0.72719654236561
0.821643286573146,3.16053804106159e-05,0.00371415202329928,1.18284701766732e-05,0.0888232207961935,0.721056593841358
0.831663326653307,2.72767579382644e-05,0.00372936212527519,1.00026310321482e-05,0.0880612929939315,0.714871352404181
0.841683366733467,2.35380251233746e-05,0.00405937458296782,8.45703944455368e-06,0.0872939107759874,0.708641832653768
0.851703406813627,2.03092571507373e-05,0.00479229959136887,7.14895692402592e-06,0.0865211991256328,0.702369049189806
0.861723446893788,1.75212852212555e-05,0.00543818709974423,6.04211440162484e-06,0.0857432830261392,0.696054016611982
0.871743486973948,1.5114260639613e-05,0.00621429375375177,5.10574140379069e-06,0.0849602874607783,0.689697749519986
0.881763527054108,1.30364087416237e-05,0.00708667589461547,4.31373942327357e-06,0.0841723374128216,0.683301262513503
0.891783567134269,1.12429478611763e-05,0.00790900248885171,3.64397833235784e-06,0.0833795578655406,0.676865570192221
0.901803607214429,9.6951517279947e-06,0.0084042615881424,3.07769774076898e-06,0.0825820738022069,0.67039168715583
0.911823647294589,8.35953647605246e-06,0.00911422936653886,2.5989978239693e-06,0.0817800105835483,0.663880631068161
0.921843687374749,7.20715587790157e-06,0.0097498819489969,2.19440639751046e-06,0.0809734971005526,0.65733344825129
0.93186372745491,6.21299054602172e-06,0.0102093103918432,1.85251094160297e-06,0.0801626641712685,0.650751200670947
0.94188376753507,5.35541869698782e-06,0.0110715920083138,1.56364593199501e-06,0.0793476426332411,0.644134950451133
0.95190380761523,4.61575769160764e-06,0.0109634918245403,1.31962724744193e-06,0.078528563324015,0.637485759715845
0.961923847695391,3.97786697392041e-06,0.0104599697890201,1.11352663402172e-06,0.077705557081135,0.63080469058908
0.971943887775551,3.42780426018612e-06,0.00989812339192132,9.39480241229836e-07,0.0768787547421461,0.624092805194839
0.981963927855711,2.95352789864865e-06,0.00927316087593438,7.92526129101128e-07,0.0760482871445929,0.617351165657119
0.991983967935872,2.54463925202424e-06,0.00892904455870143,6.68466401023985e-07,0.0752142851260203,0.610580834099917
1.00200400801603,2.19215976496576e-06,0.00875704060030258,5.63750261905359e-07,0.0743768795239734,0.603782872647235
1.01202404809619,1.88833808360656e-06,0.0085276209243754,4.7537485179725e-07,0.0735362013665985,0.596958344970351
1.02204408817635,1.62648320719897e-06,0.00807401410809868,4.00801174649459e-07,0.0726923836601558,0.590108330798644
1.03206412825651,1.40082018463873e-06,0.00736725816635153,3.37882842223971e-07,0.0718455605826405,0.5832339193735
1.04208416833667,1.20636533163125e-06,0.00680165711411281,2.84805694441939e-07,0.0709958663273779,0.576336200060754
1.05210420841683,1.03881834642689e-06,0.00692586112014588,2.40036648150427e-07,0.0701434350876931,0.569416262226239
1.06212424849699,8.9446905130451e-07,0.00698002334074949,2.02280373873899e-07,0.0692884010569113,0.562475195235788
1.07214428857715,7.70116790187683e-07,0.00692498991604674,1.70442610875723e-07,0.0684308984283576,0.555514088455235
1.08216432865731,6.63000775931725e-07,0.0068252575497846,1.43599110206072e-07,0.0675710613953572,0.548534031250413
1.09218436873747,5.70739909147341e-07,0.00670562179829211,1.20969347980919e-07,0.0667090241512353,0.541536112987157
1.10220440881764,4.91280788484696e-07,0.00621203132361669,1.01894280876439e-07,0.0658449208893161,0.534521423031292
1.1122244488978,4.2285280405703e-07,0.00571042809687914,8.58175261130139e-08,0.0649788858432769,0.527491051076225
1.12224448897796,3.63929354591355e-07,0.00569875854558202,7.2269441927963e-08,0.0641110537130253,0.520446090600167
1.13226452905812,3.1319435796217e-07,0.00601935000333332,6.0853664159089e-08,0.0632415594979217,0.513387637512253
1.14228456913828,2.69513336609671e-07,0.00674711183671924,5.12357221828224e-08,0.0623705382022578,0.506316787761648
1.15230460921844,2.31908456242011e-07,0.00724628389183968,4.31334148631e-08,0.0614981248303251,0.499234637297516
1.1623246492986,1.99536980150901e-07,0.0075650136565561,3.63086758971395e-08,0.0606244543864152,0.492142282069022
1.17234468937876,1.71672674150743e-07,0.0079761802436272,3.05606992934111e-08,0.0597496618748195,0.48504081802533
1.18236472945892,1.47689760078069e-07,0.00850440490606488,2.57201307935646e-08,0.0588738822998297,0.477931341115604
1.19238476953908,1.2704907025817e-07,0.00953369935688043,2.16441607975007e-08,0.0579972506657372,0.47081494728901
1.20240480961924,1.09286102486358e-07,0.0110651775266066,1.82123795721884e-08,0.0571199019768336,0.46369273249471
1.2124248496994,9.40007158608348e-08,0.0122944056945111,1.53232769034465e-08,0.0562419711626244,0.456565792074765
1.22244488977956,8.08482430914498e-08,0.012920015986057,1.28912864667337e-08,0.0553635921868417,0.449435213531199
1.23246492985972,6.95318254304222e-08,0.0132702976000015,1.08442905419963e-08,0.0544848983410897,0.44230207890978
1.24248496993988,5.97958027661784e-08,0.0133873418890968,9.12151369860261e-09,0.0536060229033453,0.43516747014565
1.25250501002004,5.14200142438205e-08,0.0131240047747901,7.67174508602828e-09,0.0527270991515857,0.428032469173954
1.2625250501002,4.42148845056033e-08,0.013180701522395,6.4518382871651e-09,0.0518482603637879,0.420898157929835
1.27254509018036,3.80171876984124e-08,0.0134944661710669,5.42544558113457e-09,0.0509696398179289,0.413765618348436
1.28256513026052,3.26863961331985e-08,0.0139063614846045,4.56195013961613e-09,0.0500913707919858,0.406635932364903
1.29258517034068,2.81015332161205e-08,0.0146023765671281,3.83556533023042e-09,0.0492135865639355,0.399510181914377
1.30260521042084,2.41584612733122e-08,0.0151831776490502,3.22457507962332e-09,0.048336420411755,0.392389448932003
1.312625250501,2.07675443950543e-08,0.0154654730497224,2.71069329088198e-09,0.047460005455901,0.385274814074191
1.32264529058116,1.78516346335436e-08,0.0155597568944648,2.27852372781276e-09,0.0465844725333054,0.378167339459964
1.33266533066132,1.53443369769629e-08,0.0160454545573072,1.91510466823228e-09,0.0457099507598622,0.371068073237161
1.34268537074148,1.31885146431232e-08,0.0163403255656311,1.60952507096922e-09,0.0448365692092703,0.363978063211081
1.35270541082164,1.13350015200153e-08,0.0165443508433149,1.35260106554103e-09,0.0439644569552283,0.356898357187026
1.3627254509018,9.74149314190076e-09,0.0166152854558842,1.13660331773334e-09,0.0430937430714351,0.349830002970296
1.37274549098196,8.37159152643596e-09,0.0162543516089119,9.5502729792159e-10,0.0422245566315894,0.342774048366192
1.38276553106212,7.19398259581634e-09,0.0156228137342366,8.02399723720196e-10,0.04135702670939,0.335731541180015
1.39278557114228,6.18172783657598e-09,0.0149132731895039,6.74115499794234e-10,0.0404912823785356,0.328703529217065
1.40280561122244,5.31165438205402e-09,0.0144255970547455,5.66300365357915e-10,0.0396274527127249,0.321691060282644
1.41282565130261,4.56382988357809e-09,0.0141574833565274,4.75695209340901e-10,0.0387656665742583,0.314695180465944
1.42284569138277,3.92111041859787e-09,0.0140419659005093,3.99558645855453e-10,0.0379060493677912,0.307716907787397
1.43286573146293,3.36875130734728e-09,0.0139598250076428,3.35584976567082e-10,0.0370487236771132,0.300757237367976
1.44288577154309,2.89407210956431e-09,0.013985463586668,2.81835117184135e-10,0.0361938120036306,0.293817163659875
1.45290581162325,2.48616827995924e-09,0.0132192927326794,2.36678445494555e-10,0.0353414368487499,0.286897681115287
1.46292585170341,2.13566300193934e-09,0.0123312245887541,1.98743849143309e-10,0.0344917207138773,0.279999784186407
1.47294589178357,1.83449361639105e-09,0.0113321998778834,1.66878521918585e-10,0.033644786100419,0.273124467325428
1.48296593186373,1.57572783580898e-09,0.010305927986101,1.40113285520466e-10,0.0328007555097816,0.266272724984544
1.49298597194389,1.35340560075419e-09,0.00986918993591889,1.17633406231051e-10,0.0319597514433712,0.259445551615949
1.50300601202405,1.16240301021357e-09,0.00959955817009047,9.87540381717298e-11,0.0311218964025941,0.252643941671836
1.51302605210421,9.98315252593314e-10,0.0096725634786851,8.28995616364955e-11,0.0302873126483165,0.245868887651722
1.52304609218437,8.57355890751417e-10,0.00970304710422827,6.95862003105639e-11,0.0294561179765572,0.239121345810011
1.53306613226453,7.36270222096384e-10,0.0101139734366876,5.84073983826844e-11,0.0286284262416145,0.232402240402678
1.54308617234469,6.32260751495165e-10,0.0107667587745104,4.90215204746312e-11,0.0278043511623815,0.225712494586494
1.55310621242485,5.42923087567427e-10,0.0112829756452713,4.11415063375641e-11,0.0269840064577511,0.219053031518229
1.56312625250501,4.66190807955026e-10,0.0117420455576317,3.45261704231764e-11,0.0261675058466163,0.212424774354653
1.57314629258517,4.00288041570834e-10,0.0119430563528802,2.89728854333064e-11,0.0253549630478701,0.205828646252537
1.58316633266533,3.43688690156193e-10,0.0116302727317442,2.43114302236479e-11,0.0245464917804055,0.19926557036865
1.59318637274549,2.95081361596999e-10,0.0112289564604795,2.03988171990782e-11,0.0237422057631154,0.192736469859764
1.60320641282565,2.53339216714936e-10,0.010922801373984,1.71149436135054e-11,0.022942218714893,0.186242267882647
1.61322645290581,2.17494042550827e-10,0.0105552232050568,1.43589358393077e-11,0.0221466441052559,0.179783885569672
1.62324649298597,1.86713960980671e-10,0.010640830827766,1.20460764282457e-11,0.0213555901153943,0.173362201123181
1.63326653306613,1.60284263997799e-10,0.0110681336226256,1.01052212608636e-11,0.0205691598753466,0.16697805174085
1.64328657314629,1.37590938005498e-10,0.0112756027503752,8.47662879215737e-12,0.0197874563132422,0.160632272981285
1.65330661322645,1.18106500587291e-10,0.0111191866789229,7.11013578371456e-12,0.0190105823572103,0.154325700403088
1.66332665330661,1.01377825829636e-10,0.0109282451654776,5.96362433408586e-12,0.0182386409353805,0.148059169564865
1.67334669338677,8.70156795472729e-11,0.0107179455550392,5.00173378948721e-12,0.0174717349758821,0.141833516025219
1.68336673346693,7.46857247239033e-11,0.010644364729997,4.19477849696731e-12,0.0167099674068445,0.135649575342755
1.69338677354709,6.41007910082259e-11,0.0104359353806342,3.51783857169953e-12,0.0159534411563971,0.129508183076077
1.70340681362725,5.50142309538426e-11,0.00999866128100206,2.94999607423612e-12,0.0152022591526693,0.123410174783789
1.71342685370741,4.72142105123824e-11,0.00982193187574621,2.47369338834002e-12,0.014456524081404,0.117356384056831
1.72344689378758,4.0518802643334e-11,0.00984759862237627,2.07419428673167e-12,0.0137163327102855,0.111347596444027
1.73346693386774,3.47717712744838e-11,0.0097713521194285,1.73913128134703e-12,0.0129817756917697,0.105384547851491
1.7434869739479,2.98389486494229e-11,0.00984631904249572,1.45812546963044e-12,0.0122529433964764,0.0994679718974211
1.75350701402806,2.56051226913995e-11,0.00977726675289942,1.22246728737676e-12,0.0115299261950259,0.0935986022000219
1.76352705410822,2.19713627041135e-11,0.00943420345983901,1.02484842769725e-12,0.0108128144580388,0.087777172377498
1.77354709418838,1.88527217852636e-11,0.00918074205972472,8.59136740364305e-13,0.0101016985561355,0.0820044160480542
1.78356713426854,1.6176262976216e-11,0.00907352206482164,7.20187232850352e-13,0.00939666885993647,0.0762810668298949
1.7935871743487,1.38793636076565e-11,0.00925326038271168,6.03683393165346e-13,0.00869781574006214,0.0706078583412248
1.80360721442886,1.19082586957871e-11,0.00939644074677225,5.06003978226995e-13,0.00800522956713298,0.0649855242002484
1.81362725450902,1.02167897421258e-11,0.00958698489268835,4.2411118782919e-13,0.007319000487872,0.0594147962075969
1.82364729458918,8.76533001762326e-12,0.00978763328259788,3.55456796746062e-13,0.00663921229824798,0.0538963546092161
1.83366733466934,7.51986147644571e-12,0.010098878528137,2.97903365841146e-13,0.00596594169448387,0.0484308220161392
1.8436873747495,6.45118193919211e-12,0.00988700310572644,2.49658113829006e-13,0.00529926499852295,0.0430188180010406
1.85370741482966,5.53422418933295e-12,0.0098298069795704,2.09217418511777e-13,0.00463925853230853,0.0376609621365948
1.86372745490982,4.74747120897613e-12,0.0103280690252684,1.75320241618294e-13,0.00398599861778388,0.0323578739954764
1.87374749498998,4.07245399975177e-12,0.0107698253450876,1.46909044675292e-13,0.00333956157689231,0.0271101731503598
1.88376753507014,3.49332034249509e-12,0.0115655400485387,1.23096992935625e-13,0.0027000237315771,0.0219184791739194
1.8937875751503,2.99646448920243e-12,0.0118574688211892,1.03140437253103e-13,0.00206746140378154,0.0167834116388299
1.90380761523046,2.57020919004756e-12,0.0117637702494011,8.6415825792427e-14,0.00144195091544893,0.0117055901177656
1.91382765531062,2.20453266940215e-12,0.0114904124442265,7.24003335259719e-14,0.000823568390630823,0.00668563257693893
1.92384769539078,1.89083420562226e-12,0.011077184986918,6.06556117413971e-14,0.000212383363763924,0.00172410348883394
1.93386773547094,1.62173286375102e-12,0.0107057205549154,5.08141557485806e-14,-0.000391542602169914,-0.00317849738541027
1.9438877755511,1.39089469881212e-12,0.0105694117948073,4.25678695590301e-14,-0.00098814842159216,-0.00802167416015939
1.95390781563126,1.19288440771143e-12,0.0104994069322262,3.56584739760756e-14,-0.00157737300892428,-0.0128049309497791
1.96392785571142,1.02303797512465e-12,0.0103819442773326,2.98694613474742e-14,-0.00215915527858775,-0.0175277718686349
1.97394789579158,8.77353346199884e-13,0.0101102188289286,2.5019347930821e-14,-0.00273343414500403,-0.0221897010310927
1.98396793587174,7.52396577680175e-13,0.00989198275375239,2.09560148661226e-14,-0.0033001485225946,-0.026790222551518
1.9939879759519,6.45221278811755e-13,0.010074126697015,1.75519623653993e-14,-0.00385923732578091,-0.0313288405442766
2.00400801603206,5.53299462452464e-13,0.0097659734879681,1.47003299465091e-14,-0.00441063946898445,-0.035805059123734
2.01402805611222,4.74462192267955e-13,0.00915866878172977,1.23115592229605e-14,-0.00495429403449952,-0.0402183837670281
2.02404809619238,4.06848639935476e-13,0.00840105184939883,1.03105956402443e-14,-0.00549014674845303,-0.0445683738851586
2.03406813627254,3.4886236213822e-13,0.00791675985842783,8.63454223272012e-15,-0.00601815203630544,-0.0488546595093048
2.04408817635271,2.99133775358929e-13,0.00742464128419629,7.23069247613095e-15,-0.00653826491187745,-0.053076875446886
2.05410821643287,2.56487950962962e-13,0.00670989435797298,6.05488106000462e-15,-0.00705044038898816,-0.0572346565053089
2.06412825651303,2.19916977145237e-13,0.00636514609368815,5.07010126315002e-15,-0.00755463348145828,-0.0613276374919928
2.07414829659319,1.88556240877367e-13,0.00656803255280844,4.24534588781316e-15,-0.00805079920310798,-0.0653554532143528
2.08416833667335,1.61664074501557e-13,0.00730678120155644,3.55463564876259e-15,-0.00853889256775742,-0.0693177384798042
2.09418837675351,1.38604290199908e-13,0.00749254460532906,2.9762047366704e-15,-0.00901886858922677,-0.073214128095762
2.10420841683367,1.1883119304467e-13,0.00696659720158909,2.49181816033977e-15,-0.00949068228133619,-0.0770442568696414
2.11422845691383,1.01876721274699e-13,0.00657437156466842,2.08619957045004e-15,-0.00995428879467465,-0.0808077607191305
2.12424849699399,8.73394121914198e-14,0.00632891482269962,1.74655170516935e-15,-0.0104096498077345,-0.0845043285546799
2.13426853707415,7.48749347808038e-14,0.0059563414089024,1.46215448150535e-15,-0.0108567362547993,-0.0881337244241771
2.14428857715431,6.4187966839697e-14,0.00574770724378392,1.22402817483549e-15,-0.0112955197734352,-0.0916957180846781
2.15430861723447,5.50252258684459e-14,0.00566579170610748,1.02465115754336e-15,-0.0117259720012085,-0.0951900792932391
2.16432865731463,4.71694900204305e-14,0.00538767028040038,8.57723368917601e-16,-0.0121480645756856,-0.0986165778069165
2.17434869739479,4.04344686022073e-14,0.00494351145115875,7.17968115170866e-16,-0.0125617691344328,-0.101974983382766
2.18436873747495,3.46604015363489e-14,0.00475723542863408,6.00965994847923e-16,-0.0129670573150163,-0.105265065777845
2.19438877755511,2.97102842970878e-14,0.00481649919032333,5.03015748139058e-16,-0.0133639007550026,-0.108486594749208
2.20440881763527,2.54666295054258e-14,0.0053472159438135,4.21017669842961e-16,-0.0137522710919578,-0.111639340053913
2.21442885771543,2.18286889679178e-14,0.00608852078396158,3.52375931063773e-16,-0.0141321400703278,-0.11472307231665
2.22444889779559,1.87100707560526e-14,0.00657565379470237,2.94916746102984e-16,-0.0145034856953306,-0.117737612986335
2.23446893787575,1.60366952035932e-14,0.00685497155788668,2.46819816808676e-16,-0.0148662955899754,-0.120682861587989
2.24448897795591,1.37450416642716e-14,0.00692937427580855,2.06560902298999e-16,-0.0152205581945907,-0.123558724281546
2.25450901803607,1.17806447081068e-14,0.00684055399330964,1.72863710424004e-16,-0.0155662619495055,-0.126365107226936
2.26452905811623,1.00968043011877e-14,0.00639852635686038,1.44659599423552e-16,-0.0159033952950485,-0.129101916584089
2.27454909819639,8.6534795483461e-15,0.00602002684270775,1.21053823081847e-16,-0.0162319466715484,-0.131769058512939
2.28456913827655,7.41633989857305e-15,0.00573543940040894,1.01297257905817e-16,-0.0165519045193341,-0.134366439173414
2.29458917835671,6.35595142050864e-15,0.00541960367051982,8.47627228675918e-17,-0.0168632572787344,-0.136893964725447
2.30460921843687,5.44707893671273e-15,0.00444740805051535,7.09251464195952e-17,-0.017165993390078,-0.139351541328969
2.31462925851703,4.66808753528536e-15,0.00325475371487487,5.93449563165622e-17,-0.0174601013735595,-0.141739075792252
2.32464929859719,4.0004293197501e-15,0.00258293729383121,4.96541690373371e-17,-0.0177455756142269,-0.144056522533768
2.33466933867735,3.42820326790225e-15,0.0022357394520064,4.15447404556909e-17,-0.018022420264965,-0.146303915266153
2.34468937875751,2.9377777947137e-15,0.0020134185595379,3.47588105176937e-17,-0.0182906404033761,-0.148481295208794
2.35470941883768,2.51746709386597e-15,0.00213905530681919,2.90805342683198e-17,-0.0185502411070626,-0.150588703581077
2.36472945891784,2.15725360179874e-15,0.0025474775563857,2.43292414972016e-17,-0.0188012274536262,-0.152626181602382
2.374749498998,1.84855001713648e-15,0.00277230207694667,2.03537091065852e-17,-0.0190436045206693,-0.154593770492098
2.38476953907816,1.58399524258722e-15,0.00319707796391836,1.70273653543429e-17,-0.0192773773857941,-0.156491511469609
2.39478957915832,1.35727941786142e-15,0.00296587460708574,1.4244274490142e-17,-0.0195025511266027,-0.158319445754299
2.40480961923848,1.16299389968711e-15,0.00277680368257401,1.19157749045601e-17,-0.0197191308206975,-0.160077614565555
2.41482965931864,9.96502634779722e-16,0.00281478720666772,9.96766452100821e-18,-0.0199271216024558,-0.161766059583656
2.4248496993988,8.53831877542442e-16,0.00269231947623301,8.33784442574689e-18,-0.0201265339712268,-0.1633848660411
2.43486973947896,7.31575638240156e-16,0.00279399928636549,6.9743461942931e-18,-0.0203173881211379,-0.164934197871469
2.44488977955912,6.26814619630481e-16,0.00281907189579438,5.83368048753679e-18,-0.0204997052652814,-0.166414227280182
2.45490981963928,5.37046719318899e-16,0.00307817780113189,4.87945463871175e-18,-0.0206735066167495,-0.16782512647266
2.46492985971944,4.60127448960224e-16,0.00322835153361964,4.08121545212132e-18,-0.0208388133886343,-0.169167067654321
2.4749498997996,3.94218856311793e-16,0.00333562490684908,3.41348055359839e-18,-0.0209956467940281,-0.170440223030585
2.48496993987976,3.37745737596966e-16,0.00366101767949355,2.85492759513963e-18,-0.021144028046023,-0.171644764806872
2.49498997995992,2.89358100413442e-16,0.00425675327260308,2.38771560973315e-18,-0.0212839783577113,-0.172780865188602
2.50501002004008,2.47898985598806e-16,0.0047816218814233,1.99691699438877e-18,-0.0214155189421852,-0.173848696381193
2.51503006012024,2.12376883544074e-16,0.00505655294952761,1.67004210156066e-18,-0.0215386710506373,-0.174848430899362
2.5250501002004,1.81942089426858e-16,0.00505241480657649,1.39664135193413e-18,-0.0216534607215295,-0.175780280120318
2.53507014028056,1.55866435294057e-16,0.00517674179868134,1.16797223741735e-18,-0.0217599233877226,-0.176644531683911
2.54509018036072,1.33525917068659e-16,0.00519920570460937,9.76720639622041e-19,-0.021858095575069,-0.17744148210277
2.55511022044088,1.14385803281485e-16,0.0045729719666406,8.16767611037378e-19,-0.021948013809421,-0.178171427889523
2.56513026052104,9.79878712617362e-17,0.00392573477965219,6.82994207869171e-19,-0.022029714616631,-0.1788346655568
2.5751503006012,8.3939467054476e-17,0.00353148929367992,5.71118170670462e-19,-0.0221032345225512,-0.179431491617229
2.58517034068136,7.19041286646062e-17,0.003328441706471,4.77557259576907e-19,-0.022168610053034,-0.179962202583438
2.59519038076152,6.15935493812344e-17,0.00300045226366711,3.9931489712632e-19,-0.0222258777339318,-0.180427094968055
2.60521042084168,5.27606897935318e-17,0.00256568438637643,3.33884480046891e-19,-0.0222750740910969,-0.18082646528371
2.61523046092184,4.51938744237227e-17,0.00217047192007783,2.79169314450845e-19,-0.022316235674244,-0.181160610236743
2.625250501002,3.87117323221203e-17,0.00218462049319422,2.33415625338298e-19,-0.0223494031912085,-0.181429860288635
2.63527054108216,3.31588610480563e-17,0.00245722044762576,1.95156506915951e-19,-0.0223746262195918,-0.181634617904598
2.64529058116232,2.84021106752717e-17,0.00250646246225287,1.63165028129165e-19,-0.0223919554764086,-0.181775294799471
2.65531062124249,2.43273992191167e-17,0.00271471598100062,1.36414999014405e-19,-0.0224014416786738,-0.181852302688089
2.66533066132265,2.08369835357913e-17,0.00307985212113257,1.14048147231484e-19,-0.022403135543402,-0.181866053285292
2.67535070140281,1.78471205911724e-17,0.00287334761205157,9.53466581584261e-20,-0.0223970877876081,-0.181816958305915
2.68537074148297,1.52860632959284e-17,0.00245676037883988,7.97102026966692e-20,-0.0223833491283068,-0.181705429464797
2.69539078156313,1.30923430754352e-17,0.00222491265891674,6.66367198579579e-20,-0.0223619702825128,-0.181531878476775
2.70541082164329,1.1213298176794e-17,0.00234151590558817,5.57063408224022e-20,-0.0223330019672408,-0.181296717056686
2.71543086172345,9.6038125733549e-18,0.00250888580181486,4.65679412670813e-20,-0.0222964949132168,-0.181000357030672
2.72545090180361,8.2252353487622e-18,0.00211573683238242,3.89278925454321e-20,-0.0222525033542735,-0.180643238662693
2.73547094188377,7.04445474703172e-18,0.00187324538322461,3.25406524109059e-20,-0.0222010896555551,-0.180225868225746
2.74549098196393,6.03310476486878e-18,0.00214809888039541,2.72008946520122e-20,-0.0221423173330298,-0.179748761335089
2.75551102204409,5.16688532509227e-18,0.00261040008773474,2.27369261049809e-20,-0.0220762499026659,-0.179212433605978
2.76553106212425,4.42497978087508e-18,0.00289905204127011,1.90051805961662e-20,-0.0220029508804319,-0.178617400653668
2.77555110220441,3.78955582404287e-18,0.00356941297298361,1.58856137457487e-20,-0.0219224837822958,-0.177964178093417
2.78557114228457,3.24533786219208e-18,0.0038095930811772,1.32778513312677e-20,-0.0218349121242262,-0.17725328154048
2.79559118236473,2.77924063630455e-18,0.00361932252691435,1.1097967979552e-20,-0.0217402994221913,-0.176485226610115
2.80561122244489,2.38005531349172e-18,0.00357428587116787,9.27579309509277e-21,-0.0216387091921593,-0.175660528917577
2.81563126252505,2.03818054334531e-18,0.00310701134621069,7.75265778321551e-21,-0.0215302049571362,-0.174779704135253
2.82565130260521,1.74539204096793e-18,0.00272363772842436,6.47951062436417e-21,-0.0214148530862083,-0.173843291039681
2.83567134268537,1.49464518071978e-18,0.00238534407148825,5.4153419506712e-21,-0.0212927271451028,-0.172851886828891
2.84569138276553,1.27990587399418e-18,0.00208556505256502,4.52586614374803e-21,-0.0211639018196702,-0.171806097793949
2.85571142284569,1.09600568074162e-18,0.00192972511716585,3.7824197279276e-21,-0.0210284517957615,-0.17070653022592
2.86573146292585,9.38517684133029e-19,0.00218704681965108,3.16103993934093e-21,-0.0208864517592273,-0.169553790415869
2.87575150300601,8.03650154510261e-19,0.0025659559286307,2.6416942285505e-21,-0.0207379763959184,-0.168348484654862
2.88577154308617,6.88155454469911e-19,0.00298177654019327,2.20763598738332e-21,-0.0205831003916856,-0.167091219233964
2.89579158316633,5.89252001723547e-19,0.00326320474729002,1.84486583338008e-21,-0.0204218984323795,-0.165782600444239
2.90581162324649,5.04557418979068e-19,0.00370582532261352,1.54168116701209e-21,-0.020254445203851,-0.164423234576753
2.91583166332665,4.32031267959838e-19,0.00427466709970669,1.2882995455257e-21,-0.020080815395038,-0.163013727947633
2.92585170340681,3.69925994215408e-19,0.00467685412436692,1.076543783339e-21,-0.0199010859032375,-0.161554704800208
2.93587174348697,3.16744906063082e-19,0.00534742151746709,8.99578667954894e-22,-0.0197153397158209,-0.160046838816323
2.94589178356713,2.71206179532797e-19,0.00593295585436081,7.51690835636564e-22,-0.0195236608610263,-0.15849081212746
2.95591182364729,2.32212025595153e-19,0.00663248770042625,6.28104735546389e-22,-0.0193261333670917,-0.1568873068651
2.96593186372745,1.98822279686198e-19,0.00666861303057162,5.24828768962138e-22,-0.0191228412622553,-0.155237005160724
2.97595190380762,1.70231779560269e-19,0.0062495222536204,4.38526658601503e-22,-0.018913868574755,-0.15354058914581
2.98597194388778,1.45750988339114e-19,0.00581569907043784,3.66409912999884e-22,-0.0186992993328292,-0.151798740951844
2.99599198396794,1.24789397454157e-19,0.00529101412446018,3.06147928224636e-22,-0.0184792175647159,-0.150012142710304
3.0060120240481,1.06841310860837e-19,0.00513823458789984,2.55792835659684e-22,-0.0182537072986531,-0.148181476552672
3.01603206412826,9.14736690350287e-20,0.00503404822401954,2.13716678300243e-22,-0.0180228525639464,-0.146307424619094
3.02605210420842,7.83156202087926e-20,0.00469748394413161,1.78558894134785e-22,-0.0177867389979835,-0.14439068210394
3.03607214428858,6.70495882379066e-20,0.00406892675530372,1.49182416454437e-22,-0.0175454570800702,-0.14243198350771
3.04609218436874,5.74036224205631e-20,0.00333641412286219,1.24636977936853e-22,-0.0172990981971403,-0.140432070698924
3.0561122244489,4.91448453658389e-20,0.00276001616643349,1.04128436983648e-22,-0.0170477537361278,-0.138391685546099
3.06613226452906,4.20738413791267e-20,0.00242920697666483,8.69931384759909e-23,-0.0167915150839664,-0.136311569917755
3.07615230460922,3.60198504213654e-20,0.00228332272908949,7.26764830649133e-23,-0.0165304736275899,-0.134192465682411
3.08617234468938,3.08366520509482e-20,0.00258528481408646,6.07150145276361e-23,-0.0162647207539323,-0.132035114708584
3.09619238476954,2.63990403353438e-20,0.00339077093511835,5.07214479447128e-23,-0.0159943478499274,-0.129840258864794
3.1062124248497,2.25998049211804e-20,0.00440697296807673,4.23721561195758e-23,-0.015719446302509,-0.127608640019559
3.11623246492986,1.93471456172491e-20,0.00524321452351358,3.53967108118738e-23,-0.0154401074988555,-0.125341000043384
3.12625250501002,1.65624582663528e-20,0.0061773557223838,2.95691415308504e-23,-0.0151564238858862,-0.123038089409625
3.13627254509018,1.41784386091041e-20,0.00728116385619897,2.47006299606977e-23,-0.0148684913980222,-0.120700686902775
3.14629258517034,1.2137458489792e-20,0.00841422968673973,2.06334043441156e-23,-0.0145764066860449,-0.118329577122656
3.1563126252505,1.03901753047982e-20,0.00954376604115399,1.72356368197938e-23,-0.0142802664007359,-0.115925544669092
3.16633266533066,8.89434120493121e-21,0.0106171623972561,1.43971790372816e-23,-0.0139801671928767,-0.113489374141907
3.17635270541082,7.61378336913331e-21,0.0114843973683558,1.20259983982646e-23,-0.013676205713249,-0.111021850140923
3.18637274549098,6.51753078369185e-21,0.0118386449847849,1.00451998657595e-23,-0.0133684786126343,-0.108523757265963
3.19639278557114,5.57906648717933e-21,0.011707619582336,8.3905371689933e-24,-0.0130570825418141,-0.105995880116851
3.2064128256513,4.77568726156338e-21,0.0113522758548351,7.00833301941863e-24,-0.01274211415157,-0.103439003293411
3.21643286573146,4.08795533678757e-21,0.0110639194193399,5.85374115054766e-24,-0.0124236700927061,-0.100853911395648
3.22645290581162,3.49922889179468e-21,0.0106517672552907,4.88929402589441e-24,-0.0121018475899285,-0.0982413936824397
3.23647294589178,2.99526003266736e-21,0.0106261068222198,4.08368928048562e-24,-0.0117767459339469,-0.0956022561842377
3.24649298597194,2.56385055392351e-21,0.0108399725688507,3.41077566911495e-24,-0.0114484648802085,-0.0929373087041819
3.2565130260521,2.19455718107195e-21,0.0110842295234325,2.84870573704022e-24,-0.0111171041841607,-0.0902473610454118
3.26653306613226,1.87843918479385e-21,0.0111303642130433,2.37922781374175e-24,-0.0107827636012508,-0.0875332230110672
3.27655310621242,1.60784227822432e-21,0.0110339863204589,1.98709443120131e-24,-0.0104455428869262,-0.0847957044042878
3.28657314629258,1.37621358332543e-21,0.0110578507014516,1.65956802999842e-24,-0.0101055417966342,-0.0820356150282133
3.29659318637275,1.17794320130538e-21,0.0112988117331109,1.38600796063764e-24,-0.00976286008582182,-0.0792537646859807
3.30661322645291,1.00822856346145e-21,0.0115481254484927,1.15752541530105e-24,-0.00941759750993711,-0.0764509631807353
3.31663326653307,8.62958288145671e-22,0.0111443544733919,9.66695121419346e-25,-0.00906985382442708,-0.073628020315614
3.32665330661323,7.38612739986498e-22,0.010616455937255,8.07314463920564e-25,-0.0087197289418667,-0.0707857471693006
3.33667334669339,6.32178890374782e-22,0.00932847532453364,6.74202236974056e-25,-0.00836732339393783,-0.0679249598463162
3.34669338677355,5.4107742323287e-22,0.00801646528012418,5.63030508000242e-25,-0.00801273786478311,-0.0650464756888413
3.35671342685371,4.631003255415e-22,0.00708284346405214,4.70184148049321e-25,-0.00765607303854522,-0.0621511120390565
3.36673346693387,3.96357455113069e-22,0.00614798146621953,3.92643477949775e-25,-0.00729742959936684,-0.0592396862391422
3.37675350701403,3.39230794767276e-22,0.00568937910977488,3.27886227804074e-25,-0.00693690823139062,-0.0563130156312791
3.38677354709419,2.90335287604442e-22,0.00538113798799925,2.73805632628552e-25,-0.00657460961875925,-0.0533719175576476
3.39679358717435,2.48485306953315e-22,0.00526176841303796,2.28642009395356e-25,-0.00621063444561539,-0.0504172093604284
3.40681362725451,2.12665950622636e-22,0.00535907341583261,1.90925597317972e-25,-0.00584508339610172,-0.0474497083818019
3.41683366733467,1.82008465587832e-22,0.00558693427132351,1.59428808037909e-25,-0.0054780571543609,-0.0444702319639487
3.42685370741483,1.55769209003978e-22,0.00585086174691675,1.33126337210596e-25,-0.00510965621663185,-0.0414795959236683
3.43687374749499,1.33311636859011e-22,0.00642213470129639,1.11161843709489e-25,-0.00473998026867167,-0.0384786094983634
3.44689378757515,1.1409088472616e-22,0.00695208837315385,9.28201155052233e-26,-0.00436912877776578,-0.0354680801519084
3.45691382765531,9.76405677062838e-23,0.00728076599848719,7.75038191153154e-26,-0.00399720121119637,-0.0324488153481519
3.46693386773547,8.35614802791096e-23,0.00697788235080975,6.47140781121651e-26,-0.00362429703624563,-0.0294216225509422
3.47695390781563,7.15119227014679e-23,0.00640953574198899,5.40342503307336e-26,-0.00325051572019574,-0.0263873092241277
3.48697394789579,6.11994199081538e-23,0.00624842017368442,4.51163771497914e-26,-0.0028759567303289,-0.023346682831557
3.49699398797595,5.2373632535539e-23,0.00626966129233572,3.76698648896989e-26,-0.00250071953392729,-0.0203005508370783
3.50701402805611,4.48202885122769e-23,0.00645822483926223,3.1452030780925e-26,-0.00212490359827309,-0.0172497207045402
3.51703406813627,3.83559883408154e-23,0.00652067473024283,2.62602064554791e-26,-0.00174860839064851,-0.014194999897791
3.52705410821643,3.28237583238624e-23,0.00663777815000737,2.19251424574031e-26,-0.00137193291653431,-0.0111371921318289
3.53707414829659,2.80892440815628e-23,0.00671263117136129,1.83054994954551e-26,-0.000994974000383695,-0.00807708341632352
3.54709418837675,2.40374521947539e-23,0.00687815947525377,1.52832474392174e-26,-0.000617827823384977,-0.00501545453899464
3.55711422845691,2.05699610714404e-23,0.0073087205536105,1.27598225320517e-26,-0.000240590566633956,-0.00195308628681112
3.56713426853707,1.76025334877766e-23,0.00780700564414156,1.06529179157889e-26,0.000136641588773567,0.00110924055325814
3.57715430861723,1.50630729757501e-23,0.00827165458383117,8.89380313079533e-27,0.000513772461741788,0.00417074519424429
3.58717434869739,1.28898745522e-23,0.00854840466681464,7.42508543793655e-27,0.000890705871174908,0.00723064684917845
3.59719438877756,1.10301274089455e-23,0.00864664824684197,6.19884016309422e-27,0.00126734563597749,0.0102881647310947
3.60721442885772,9.4386332837881e-24,0.00849352854203443,5.17504925579235e-27,0.001643595575053,0.0133425180530183
3.61723446893788,8.07670945444729e-24,0.00781250564299032,4.32029727007637e-27,0.002019359507306,0.0163929260279833
3.62725450901804,6.91124976834279e-24,0.00734936331160448,3.60668234301972e-27,0.00239454191920261,0.0194386132882109
3.6372745490982,5.91392094860413e-24,0.00736299735533342,3.0109067355808e-27,0.00276905075120289,0.0224788325050444
3.64729458917836,5.06047469336119e-24,0.00777630532368396,2.51351733882846e-27,0.00314279505752514,0.0255128453911868
3.65731462925852,4.33015889045184e-24,0.00865096375660306,2.09827142527861e-27,0.00351568389293167,0.0285399136637575
3.66733466933868,3.70521367104387e-24,0.00931224872358757,1.75160699855704e-27,0.00388762631218479,0.031559299039876
3.67735470941884,3.17044008138172e-24,0.00960747946423614,1.46220049707656e-27,0.00425853137004683,0.0345702632366618
3.687374749499,2.71283091167272e-24,0.00952039298764822,1.22059744938065e-27,0.0046283081212801,0.0375720679712342
3.69739478957916,2.32125472760578e-24,0.00905977451334888,1.01890405256189e-27,0.00499686562064692,0.0405639749607128
3.70741482965932,1.9861854395939e-24,0.00830688703393428,8.50529627821441e-28,0.00536411292290961,0.0435452459222169
3.71743486973948,1.69947084877053e-24,0.00831249645080995,7.09971563207436e-28,0.00572995908283049,0.0465151425728661
3.72745490981964,1.45413455376415e-24,0.00855139667709424,5.92635736666703e-28,0.00609431396524099,0.0494729332058268
3.7374749498998,1.24420641120384e-24,0.00842867727984971,4.94686567713394e-28,0.00645709203039747,0.0524179234193915
3.74749498997996,1.06457743535623e-24,0.00845743917082211,4.12921810808567e-28,0.0068182093570345,0.055349431950471
3.75751503006012,9.10875615026941e-25,0.00884848624055005,3.44668009320383e-28,0.00717758202569454,0.0582667775506521
3.76753507014028,7.79359633233756e-25,0.00991897256135283,2.8769320189571e-28,0.00753512611692003,0.0611692789715216
3.77755511022044,6.66827909460538e-25,0.0110916607114234,2.40134035103026e-28,0.00789075771125341,0.0640562549646662
3.7875751503006,5.70540756053168e-25,0.0120466857743368,2.00434905585016e-28,0.00824439288923714,0.066927024281673
3.79759519038076,4.88153758524211e-25,0.0128881451101703,1.67297146954267e-28,0.00859594773141365,0.0697809056741286
3.80761523046092,4.17660761905589e-25,0.0137307198033763,1.39636604030876e-28,0.0089453383183254,0.0726172178936199
3.81763527054108,3.57345078423998e-25,0.0140443673139675,1.16548210408582e-28,0.00929248073051484,0.0754352796917338
3.82765531062124,3.05737731325686e-25,0.0145086775738488,9.72764136432575e-29,0.00963729194418903,0.0782344170909585
3.8376753507014,2.61581720479982e-25,0.0149778028032035,8.11904830153758e-29,0.00997969451252291,0.0810140013869598
3.84769539078156,2.23801441585763e-25,0.0149378111906006,6.77638940330667e-29,0.0103196131316499,0.0837734212716919
3.85771543086172,1.91476515936266e-25,0.0145153865062381,5.65571167982054e-29,0.0106569725021497,0.0865120654732028
3.86773547094188,1.63819394798644e-25,0.014056085733141,4.72032463841967e-29,0.0109916973246018,0.0892293227195405
3.87775551102204,1.40156194133253e-25,0.0140495101680497,3.93960060866147e-29,0.0113237122995861,0.0919245817387532
3.8877755511022,1.19910293836168e-25,0.0139247819752869,3.28797318263555e-29,0.011652942127682,0.0945972312588887
3.89779559118236,1.02588302840537e-25,0.0143528320174239,2.74410106317333e-29,0.0119793115094693,0.0972466600079954
3.90781563126252,8.77680488865207e-26,0.0147735264704693,2.29017001071477e-29,0.0123027451455277,0.099872256714121
3.91783567134269,7.50883009603505e-26,0.0147631795089659,1.91131008706834e-29,0.012623167736437,0.102473410105317
3.92785571142285,6.42399745037034e-26,0.014362506373463,1.5951091580319e-29,0.0129405049144934,0.105049516473195
3.93787575150301,5.49586055270529e-26,0.0131292948560813,1.33120675950813e-29,0.0132546886886372,0.107600023874228
3.94789579158317,4.70179105990192e-26,0.011647730197914,1.11095505580289e-29,0.0135656537380331,0.11012440204146
3.95791583166333,4.02242760766939e-26,0.0104022256696362,9.27135809793723e-30,0.0138733347509021,0.112622120781451
3.96793587174349,3.44120425300229e-26,0.00931693270522304,7.73724114044776e-30,0.0141776664154654,0.115092649900763
3.97795591182365,2.9439469644957e-26,0.0083617955131853,6.4569115938627e-30,0.0144785834199439,0.117535459205957
3.98797595190381,2.51852834345456e-26,0.00740056817753716,5.38839592794489e-30,0.0147760204525587,0.119950018503594
3.99799599198397,2.15457217462318e-26,0.00618936652049356,4.49666081204555e-30,0.015069912201531,0.122335797600237
4.00801603206413,1.84320061710649e-26,0.00506649400892673,3.75246586904683e-30,0.0153601933550817,0.124692266302445
4.01803607214429,1.57681788307499e-26,0.00398824891119139,3.13140602406546e-30,0.0156467986014318,0.127018894416781
4.02805611222445,1.34892513932211e-26,0.00309008668503198,2.61311212385255e-30,0.015929663555008,0.129315159268635
4.03807615230461,1.15396212623763e-26,0.00260923548570989,2.18058367661492e-30,0.0162087308095826,0.131580594840915
4.04809619238477,9.87171638723657e-27,0.00231849848483416,1.81963188146005e-30,0.0164839461403508,0.133814760942953
4.05811623246493,8.44483569802699e-27,0.00174297191023654,1.51841472286519e-30,0.0167552553386919,0.136017217515458
4.06813627254509,7.22415693666876e-27,0.0014052685852237,1.26704891623237e-30,0.0170226041959851,0.138187524499141
4.07815631262525,6.17988772259102e-27,0.00164145027702002,1.05728600403985e-30,0.0172859385036096,0.140325241834712
4.08817635270541,5.28653918063946e-27,0.00178674804951305,8.82242000426559e-31,0.0175452040529445,0.142429929462881
4.09819639278557,4.52230444087587e-27,0.00168425846002072,7.36171733791361e-31,0.0178003466353692,0.144501147324359
4.10821643286573,3.86852687277463e-27,0.00160037693004526,6.14280499381739e-31,0.0180513120422628,0.146538455359854
4.11823647294589,3.30924510075824e-27,0.00157079609283019,5.12566854668978e-31,0.0182980460650046,0.148541413510079
4.12825651302605,2.83080371731502e-27,0.00176601518376121,4.27691409451683e-31,0.0185404953823061,0.150509588919005
4.13827655310621,2.42152020953611e-27,0.00208619838703845,3.56867313404226e-31,0.0187786140499457,0.152442608616773
4.14829659318637,2.07139998371971e-27,0.00250492865102676,2.97768853999294e-31,0.0190123597802681,0.154340129317108
4.15831663326653,1.77189254398865e-27,0.00339668603357226,2.48455170601591e-31,0.0192416903118511,0.156201807946692
4.16833667334669,1.5156828831591e-27,0.00423121468324021,2.07306585434709e-31,0.0194665633832724,0.158027301432204
4.17835671342685,1.29651300175342e-27,0.00500742997290364,1.72971465248598e-31,0.0196869367331099,0.159816266700327
4.18837675350701,1.10902920494147e-27,0.00550138630444663,1.44321872370466e-31,0.0199027680999413,0.161568360677742
4.19839679358717,9.48651455173773e-28,0.00579037960764467,1.2041655168568e-31,0.0201140152223443,0.163283240291129
4.20841683366733,8.11461595619229e-28,0.00599984717738988,1.00470040384073e-31,0.020320635838897,0.16496056246717
4.21843687374749,6.94107719315977e-28,0.00640540674415067,8.38268878806579e-32,0.0205225876881768,0.166599984132545
4.22845691382765,5.93722352375605e-28,0.0067914957582896,6.99401407412881e-32,0.0207198293319387,0.168201168896391
4.23847695390782,5.07852456225554e-28,0.00682378302713185,5.83533871908936e-32,0.0209123269007821,0.169763841810847
4.24849699398798,4.34399541926186e-28,0.00690065835317554,4.86857724281336e-32,0.0211000506006736,0.171287761011409
4.25851703406814,3.71568436069796e-28,0.00680411122781441,4.06194933331911e-32,0.0212829706769591,0.172772684953249
4.2685370741483,3.17823448660267e-28,0.00693735390751717,3.38893624220879e-32,0.0214610573749842,0.174218372091538
4.27855711422846,2.71850873818168e-28,0.00649721800480902,2.827409873154e-32,0.0216342809400947,0.175624580881447
4.28857715430862,2.32526908551715e-28,0.00589850465805466,2.35890599339864e-32,0.0218026116176364,0.176991069778147
4.29859719438878,1.98890206938576e-28,0.0058335999702346,1.96801772366823e-32,0.0219660196529548,0.17831759723681
4.30861723446894,1.70118400094679e-28,0.00616259801412668,1.64188940592269e-32,0.0221244752913958,0.179603921712607
4.3186372745491,1.4550800901735e-28,0.00687478154792686,1.36979424022717e-32,0.022277948778305,0.180849801660707
4.32865731462926,1.24457260136715e-28,0.00737210605803485,1.14278182947312e-32,0.0224264111004242,0.182055001554851
4.33867735470942,1.06451384207454e-28,0.00759537212484586,9.53384063756372e-33,0.0225698408049577,0.183219347243733
4.34869739478958,9.10500397478307e-29,0.00784214881567274,7.95369690044985e-33,0.0227082208572242,0.184342700441787
4.35871743486974,7.78765540597537e-29,0.00796199386501158,6.63539510050119e-33,0.0228415342780333,0.185424923313917
4.3687374749499,6.6608719206244e-29,0.00776554758781028,5.53555482294004e-33,0.0229697640881948,0.18646587802503
4.37875751503006,5.69709182610389e-29,0.00796950074647624,4.61798116938347e-33,0.0230928933085184,0.187465426740028
4.38877755511022,4.87273896041911e-29,0.00803842120175139,3.85247480462382e-33,0.0232109049598137,0.188423431623817
4.39879759519038,4.16764648084832e-29,0.0079110891172307,3.21383902197772e-33,0.0233237820628904,0.1893397548413
4.40881763527054,3.56456394212471e-29,0.00749296313965531,2.68105121445187e-33,0.0234315076385584,0.190214258557383
4.4188376753507,3.04873562739816e-29,0.00687515539905978,2.23657153616934e-33,0.0235340647076272,0.191046804936969
4.42885771543086,2.60753983436686e-29,0.00646293690282155,1.86576604270865e-33,0.0236314369398906,0.191837261413342
4.43887775551102,2.23018030688638e-29,0.00607006465862726,1.55642535793603e-33,0.0237236153690462,0.192585555199098
4.44889779559118,1.90742227533779e-29,0.00605556565957403,1.29836305184966e-33,0.023810595695353,0.193291651389438
4.45891783567134,1.63136665811227e-29,0.00615943995769529,1.08308053179716e-33,0.023892373693143,0.193955515680882
4.4689378757515,1.39525690830003e-29,0.00623331452574081,9.03487434054342e-34,0.0239689451367483,0.194577113769947
4.47895791583166,1.19331378679241e-29,0.0060620051024123,7.53668325837124e-34,0.0240403058005008,0.195156411353151
4.48897795591182,1.02059402495638e-29,0.00584225576775728,6.28688049180423e-34,0.0241064514587325,0.195693374127012
4.49899799599198,8.72869423457322e-30,0.00584139897719169,5.24429307679734e-34,0.0241673778857754,0.196187967788047
4.50901803607214,7.46523432923729e-30,0.00572496979720646,4.37457156519655e-34,0.0242230808559616,0.196640158032774
4.5190380761523,6.38462689143378e-30,0.00556232152948264,3.64905940280662e-34,0.024273556143623,0.197049910557712
4.52905811623246,5.46041340774561e-30,0.00546456305882323,3.04384960741638e-34,0.0243188000751805,0.197417195541169
4.53907815631263,4.66996320061351e-30,0.00525230744189936,2.53899772498802e-34,0.0243588159736661,0.197742039959137
4.54909819639279,3.99391974386323e-30,0.00516202990342622,2.11786517913763e-34,0.0243936119668987,0.198024509792303
4.55911823647295,3.41572705202407e-30,0.00512455941999979,1.76657141551573e-34,0.0244231962769191,0.198264671786242
4.56913827655311,2.92122456539302e-30,0.00561534936174047,1.47353681950198e-34,0.0244475771257684,0.198462592686528
4.57915831663327,2.49830062656732e-30,0.00689062147897988,1.22910137022305e-34,0.0244667627354877,0.198618339238735
4.58917835671343,2.13659607601359e-30,0.00821131250355737,1.02520648432106e-34,0.0244807613281179,0.198731978188438
4.59919839679359,1.82725071913314e-30,0.00904603568730165,8.55129580945084e-35,0.0244895811257,0.198803576281211
4.60921843687375,1.56268646511909e-30,0.00938136159626144,7.13262633377444e-35,0.0244932303502752,0.198833200262628
4.61923847695391,1.33642183427788e-30,0.00964874918525483,5.94927419508901e-35,0.0244917172238843,0.198820916878265
4.62925851703407,1.14291329728294e-30,0.0097062867697094,4.96221390581405e-35,0.024485050424457,0.198766796574545
4.63927855711423,9.77419565782489e-31,0.00960153663283017,4.13889084892377e-35,0.024473245110502,0.198670962406482
4.64929859719439,8.3588551490431e-31,0.00961710894485901,3.45214853606347e-35,0.0244563212605082,0.198533576557131
4.65931863727455,7.14842898203734e-31,0.0103922710021075,2.87933367069456e-35,0.0244342989675821,0.198354802139996
4.66933867735471,6.11325426207299e-31,0.0111890232735223,2.4015495512189e-35,0.0244071983248301,0.198134802268583
4.67935871743487,5.22796130944536e-31,0.0114293195662366,2.00303323086195e-35,0.0243750394253589,0.197873740056399
4.68937875751503,4.47085239318387e-31,0.0114088383102825,1.67063592426105e-35,0.024337842362275,0.197571778616949
4.69939879759519,3.82337035178319e-31,0.0114026051475217,1.39338954912982e-35,0.0242956272286848,0.197229081063738
4.70941883767535,3.2696440981206e-31,0.0116314053300458,1.16214512680809e-35,0.0242484141176948,0.196845810510274
4.71943887775551,2.79609988633129e-31,0.0116302257518384,9.69271131200275e-36,0.0241962231224116,0.196422130070061
4.72945891783567,2.39112882708158e-31,0.0111778049155629,8.08401849362187e-36,0.0241390747004702,0.195958205815804
4.73947895791583,2.04480251372492e-31,0.0103991465766902,6.74227463736299e-36,0.024076995150824,0.195454251239357
4.74949899799599,1.74862979887319e-31,0.00982221504673442,5.62318939928965e-36,0.0240100154755583,0.194910518012046
4.75951903807615,1.49534876774256e-31,0.00874756790911499,4.68981950167851e-36,0.0239381668102923,0.194327258889213
4.76953907815631,1.27874881585198e-31,0.00765721304421658,3.9113501888718e-36,0.0238614802906451,0.1937047266262
4.77955911823647,1.09351847531201e-31,0.00700708545482426,3.26207874727876e-36,0.0237799870522359,0.193043173978348
4.78957915831663,9.35115264060694e-32,0.00684144344733518,2.72056658865227e-36,0.0236937182306838,0.192342853700999
4.79959919839679,7.99654371381119e-32,0.00680882666163063,2.26893194892127e-36,0.0236027049616079,0.191604018549493
4.80961923847695,6.83813454057142e-32,0.00650230736394595,1.89225988770113e-36,0.0235069783806276,0.190826921279172
4.81963927855711,5.84751211858849e-32,0.00661325969767474,1.57811013861418e-36,0.0234065696233617,0.190011814645378
4.82965931863727,5.00037748345823e-32,0.00654013119995174,1.31610658496744e-36,0.0233015101065377,0.189158953685455
4.83967935871743,4.27595011479126e-32,0.00648398780616856,1.09759482530763e-36,0.0231918363536358,0.188268634892774
4.8496993987976,3.65645855303257e-32,0.00617045769000194,9.15356537467066e-37,0.0230775893377103,0.187341190881835
4.85971943887776,3.12670475029172e-32,0.00551609898170764,7.63371221823941e-37,0.0229588101807059,0.186376955475809
4.86973947895792,2.67369148385409e-32,0.0050092473676642,6.36617466273902e-37,0.0228355400045669,0.185376262497866
4.87975951903808,2.28630370521084e-32,0.00454011937380172,5.30907178279754e-37,0.0227078199312375,0.184339445771175
4.88977955911824,1.95503601820909e-32,0.00416501325710016,4.42747316245893e-37,0.0225756910826624,0.183266839118908
4.8997995991984,1.67175960959692e-32,0.00391833503763067,3.69224559152598e-37,0.0224391945807857,0.182158776364234
4.90981963927856,1.42952292146241e-32,0.00354711067298719,3.07909109750286e-37,0.022298371547552,0.181015591330324
4.91983967935872,1.22238118148933e-32,0.0035835535509674,2.56774457573796e-37,0.0221532631049056,0.179837617840348
4.92985971943888,1.04525061379365e-32,0.00429101165835524,2.14130454379607e-37,0.0220039105825108,0.178625191403721
4.93987975951904,8.93783757669013e-33,0.00460391059066067,1.78567493677182e-37,0.0218503596161078,0.177378682486085
4.9498997995992,7.64262838651151e-33,0.00457951629888508,1.48909952288625e-37,0.0216926599008069,0.176098494506576
4.95991983967936,6.53508578565527e-33,0.00441215955723845,1.24177357397969e-37,0.0215308612900431,0.174785032169589
4.96993987975952,5.58802209479378e-33,0.00408364128852198,1.03551997412793e-37,0.0213650136372514,0.173438700179524
4.97995991983968,4.77818779995042e-33,0.00372020243080943,8.63519075567275e-38,0.0211951667958667,0.172059903240775
4.98997995991984,4.08570119018052e-33,0.00371140324466171,7.20083384497279e-38,0.021021370619324,0.170649046057741
5,3.49356058785731e-33,0.00418656647679353,6.00469638597545e-38,0.0208436749610583,0.169206533334819
