-6.751366,0.6668269,-0.6129693,-1.951601,1.432047,1.905051,-0.8540724,-0.9629144,0.08771451,0.03205651,-0.5943241,-0.1982124,1.503716,0.766504,-2.992569
-6.751366,0.6653596,-0.6129693,-1.951601,1.432047,1.905051,-0.8540724,-0.9629144,0.08771451,0.03205651,-0.5943241,-0.1982124,1.503716,0.766504,-2.992569
-6.751366,0.6653596,-0.6129693,-1.951601,1.432047,1.905051,-0.8522385,-0.9521783,0.09204319,0.03205651,-0.5943241,-0.1982124,1.503716,0.7830219,-2.992569
-6.751366,0.6653596,-0.6129693,-1.951601,1.432047,1.905051,-0.8522385,-0.9521783,0.09204319,0.03205651,-0.5943241,-0.1982124,1.503716,0.7830219,-2.992569
-6.751366,0.6653596,-0.6129693,-1.951601,1.432047,1.905051,-0.8522385,-0.9521783,0.09204319,0.03205651,-0.5943241,-0.1982124,1.503716,0.7830219,-2.992569
-6.751366,0.6653596,-0.6129693,-1.951601,1.432047,1.905051,-0.8522385,-0.9521783,0.09204319,0.03205651,-0.5943241,-0.1982124,1.503716,0.7830219,-2.992569
-6.751366,0.6653596,-0.6129693,-1.951601,1.432047,1.905051,-0.8522385,-0.9521783,0.09204319,0.03205651,-0.5943241,-0.1982124,1.484241,0.7830219,-2.992569
-6.751366,0.6653596,-0.5966844,-1.951601,1.432047,1.905051,-0.8522385,-0.9521783,0.09204319,0.03729638,-0.5943241,-0.1982124,1.484241,0.7830219,-2.992569
-6.751366,0.6653596,-0.5792658,-1.938004,1.432047,1.905051,-0.8522385,-0.969848,0.09204319,0.03729638,-0.5943241,-0.1982124,1.484241,0.7806611,-2.992569
-6.751366,0.6653596,-0.5792658,-1.938004,1.432047,1.905051,-0.8522385,-0.969848,0.09204319,0.03729638,-0.5943241,-0.1982124,1.484241,0.7806611,-2.992569
-6.751366,0.6653596,-0.5792658,-1.938004,1.432047,1.905051,-0.8522385,-0.969848,0.09204319,0.03729638,-0.5943241,-0.1982124,1.491544,0.7806611,-2.992569
-6.751366,0.6653596,-0.5792658,-1.938004,1.432047,1.905051,-0.8522385,-0.969848,0.09204319,0.03729638,-0.5943241,-0.1982124,1.491544,0.7806611,-2.992569
-6.751366,0.6653596,-0.5792658,-1.938004,1.432047,1.905051,-0.8522385,-0.969848,0.09204319,0.03729638,-0.5943241,-0.1982124,1.491544,0.7806611,-2.992569
-6.751366,0.6653596,-0.5792658,-1.938004,1.432047,1.905051,-0.8522385,-0.969848,0.09204319,0.03729638,-0.5943241,-0.1982124,1.491544,0.7806611,-2.992569
-6.751366,0.6653596,-0.5792658,-1.938004,1.432047,1.905051,-0.8522385,-0.969848,0.09204319,0.03729638,-0.5943241,-0.1982124,1.491544,0.7806611,-2.992569
-6.751366,0.6653596,-0.5792658,-1.938004,1.432047,1.905051,-0.8522385,-0.969848,0.09204319,0.03729638,-0.5943241,-0.1982124,1.491544,0.7806611,-2.992569
-6.751366,0.6653596,-0.5792658,-1.938004,1.432047,1.905051,-0.8522385,-0.969848,0.09204319,0.03729638,-0.5943241,-0.1982124,1.491544,0.7806611,-2.992569
-6.751366,0.6653596,-0.5792658,-1.938004,1.432047,1.905051,-0.8522385,-0.969848,0.09204319,0.03729638,-0.5943241,-0.1982124,1.491544,0.7806611,-2.992569
-6.751366,0.6653596,-0.5792658,-1.938004,1.432047,1.905051,-0.8522385,-0.969848,0.09204319,0.03729638,-0.5943241,-0.1982124,1.491544,0.7806611,-2.992569
-6.751366,0.6653596,-0.5792658,-1.938004,1.432047,1.905051,-0.8522385,-0.969848,0.09204319,0.03729638,-0.5943241,-0.1982124,1.491544,0.7806611,-2.992569
-6.751366,0.6653596,-0.5792658,-1.938004,1.432047,1.905051,-0.8522385,-0.969848,0.09204319,0.03729638,-0.5943241,-0.1982124,1.491544,0.7806611,-2.992569
-6.751366,0.6653596,-0.5792658,-1.938004,1.432047,1.905051,-0.8522385,-0.969848,0.09204319,0.03729638,-0.5943241,-0.1982124,1.491544,0.7806611,-2.992569
-6.751366,0.6653596,-0.5792658,-1.938004,1.432047,1.905051,-0.8522385,-0.969848,0.09204319,0.03729638,-0.5943241,-0.1982124,1.491544,0.7806611,-2.992569
-6.751366,0.6653596,-0.5792658,-1.938004,1.432047,1.905051,-0.8522385,-0.969848,0.09204319,0.03729638,-0.5943241,-0.1982124,1.491544,0.7806611,-2.992569
-6.751366,0.6653596,-0.5792658,-1.938004,1.432047,1.905051,-0.8522385,-0.969848,0.09204319,0.03729638,-0.5943241,-0.1982124,1.491544,0.7806611,-2.992569
-6.751366,0.6653596,-0.5792658,-1.938004,1.432047,1.905051,-0.8522385,-0.969848,0.09204319,0.03729638,-0.5943241,-0.1982124,1.491544,0.7806611,-2.992569
-6.751366,0.6653596,-0.5792658,-1.938004,1.432047,1.905051,-0.8522385,-0.969848,0.09204319,0.03729638,-0.5943241,-0.1982124,1.491544,0.7806611,-2.992569
-6.751366,0.6653596,-0.5792658,-1.938004,1.432047,1.905051,-0.8522385,-0.969848,0.09204319,0.03729638,-0.5943241,-0.1982124,1.491544,0.7806611,-2.992569
-6.751366,0.6653596,-0.5792658,-1.938004,1.432047,1.905051,-0.8522385,-0.969848,0.09204319,0.03729638,-0.5943241,-0.1982124,1.491544,0.7806611,-2.992569
-6.751366,0.6653596,-0.5792658,-1.938004,1.432047,1.905051,-0.8522385,-0.969848,0.09204319,0.03729638,-0.5943241,-0.1982124,1.491544,0.7806611,-2.992569
-6.751366,0.6653596,-0.5792658,-1.938004,1.432047,1.905051,-0.8522385,-0.969848,0.09204319,0.03729638,-0.5943241,-0.1982124,1.491544,0.7806611,-2.992569
-6.751366,0.6653596,-0.5792658,-1.938004,1.432047,1.905051,-0.8522385,-0.969848,0.09204319,0.03729638,-0.5943241,-0.1982124,1.491544,0.7806611,-2.992569
-6.751366,0.6653596,-0.5792658,-1.938004,1.432047,1.905051,-0.8522385,-0.969848,0.09204319,0.03729638,-0.5943241,-0.1982124,1.491544,0.7806611,-2.992569
-6.751366,0.6653596,-0.5792658,-1.938004,1.432047,1.905051,-0.8522385,-0.969848,0.09204319,0.03729638,-0.5943241,-0.1982124,1.491544,0.7806611,-2.992569
-6.751366,0.6653596,-0.5792658,-1.938004,1.432047,1.905051,-0.8522385,-0.969848,0.09204319,0.03729638,-0.5943241,-0.1982124,1.491544,0.7806611,-2.992569
-6.751366,0.6653596,-0.5792658,-1.938004,1.432047,1.905051,-0.8522385,-0.969848,0.09204319,0.03729638,-0.5943241,-0.1982124,1.491544,0.7806611,-2.992569
-6.751366,0.6653596,-0.5792658,-1.938004,1.432047,1.905051,-0.8522385,-0.969848,0.09204319,0.03729638,-0.5943241,-0.1982124,1.491544,0.7806611,-2.992569
-6.751366,0.6653596,-0.5792658,-1.938004,1.432047,1.905051,-0.8522385,-0.969848,0.09204319,0.03729638,-0.5943241,-0.1982124,1.491544,0.7806611,-2.992569
-6.751366,0.6653596,-0.5792658,-1.938004,1.432047,1.905051,-0.8522385,-0.969848,0.09204319,0.03729638,-0.5943241,-0.1982124,1.491544,0.7806611,-2.992569
-6.751366,0.6653596,-0.5792658,-1.938004,1.432047,1.905051,-0.8522385,-0.969848,0.09204319,0.03729638,-0.5943241,-0.1982124,1.491544,0.7806611,-2.992569
-6.751366,0.6653596,-0.5792658,-1.938004,1.432047,1.905051,-0.8522385,-0.969848,0.09204319,0.03729638,-0.5943241,-0.1982124,1.491544,0.7806611,-2.992569
-6.751366,0.6653596,-0.5792658,-1.938004,1.432047,1.905051,-0.8522385,-0.969848,0.09204319,0.03729638,-0.5943241,-0.1982124,1.491544,0.7806611,-2.992569
-6.751366,0.6653596,-0.5792658,-1.938004,1.432047,1.905051,-0.8522385,-0.969848,0.09204319,0.03729638,-0.5943241,-0.1982124,1.491544,0.7806611,-2.992569
-6.751366,0.6653596,-0.5792658,-1.938004,1.432047,1.905051,-0.8522385,-0.969848,0.09204319,0.03729638,-0.5943241,-0.1982124,1.491544,0.7806611,-2.992569
-6.751366,0.6653596,-0.5792658,-1.938004,1.432047,1.905051,-0.8522385,-0.969848,0.09204319,0.03729638,-0.5943241,-0.1982124,1.491544,0.7806611,-2.992569
-6.751366,0.6653596,-0.5792658,-1.938004,1.432047,1.905051,-0.8522385,-0.969848,0.09204319,0.03729638,-0.5943241,-0.1982124,1.491544,0.7806611,-2.992569
-6.751366,0.6653596,-0.5792658,-1.938004,1.432047,1.905051,-0.8522385,-0.969848,0.09204319,0.03729638,-0.5943241,-0.1982124,1.491544,0.7806611,-2.992569
-6.751366,0.6653596,-0.5792658,-1.938004,1.432047,1.905051,-0.8522385,-0.969848,0.09204319,0.03729638,-0.5943241,-0.1982124,1.491544,0.7806611,-2.992569
-6.751366,0.6653596,-0.5792658,-1.938004,1.432047,1.905051,-0.8522385,-0.969848,0.09204319,0.03729638,-0.5943241,-0.1982124,1.491544,0.7806611,-2.992569
-6.751366,0.6653596,-0.5792658,-1.938004,1.432047,1.905051,-0.8522385,-0.969848,0.09204319,0.03729638,-0.5943241,-0.1982124,1.491544,0.7806611,-2.992569
-6.751366,0.6653596,-0.5792658,-1.938004,1.432047,1.905051,-0.8522385,-0.969848,0.09204319,0.03729638,-0.5943241,-0.1982124,1.491544,0.7806611,-2.992569
-6.751366,0.6653596,-0.5792658,-1.938004,1.432047,1.905051,-0.8522385,-0.969848,0.09204319,0.03729638,-0.5943241,-0.1982124,1.491544,0.7806611,-2.992569
-6.751366,0.6653596,-0.5792658,-1.938004,1.432047,1.905051,-0.8522385,-0.969848,0.09204319,0.03729638,-0.5943241,-0.1982124,1.491544,0.7806611,-2.992569
-6.751366,0.6653596,-0.5792658,-1.938004,1.432047,1.905051,-0.8522385,-0.969848,0.09204319,0.03729638,-0.5943241,-0.1982124,1.491544,0.7806611,-2.992569
-6.751366,0.6653596,-0.5792658,-1.938004,1.432047,1.905051,-0.8522385,-0.969848,0.09204319,0.03729638,-0.5943241,-0.1982124,1.491544,0.7806611,-2.992569
-6.751366,0.6653596,-0.5792658,-1.938004,1.432047,1.905051,-0.8522385,-0.969848,0.09204319,0.03729638,-0.5943241,-0.1982124,1.491544,0.7806611,-2.992569
-6.751366,0.6653596,-0.5792658,-1.938004,1.432047,1.905051,-0.8522385,-0.969848,0.09204319,0.03729638,-0.5943241,-0.1982124,1.491544,0.7806611,-2.992569
-6.751366,0.6653596,-0.5792658,-1.938004,1.432047,1.905051,-0.8522385,-0.969848,0.09204319,0.03729638,-0.5943241,-0.1982124,1.491544,0.7806611,-2.992569
-6.751366,0.6653596,-0.5792658,-1.938004,1.432047,1.905051,-0.8522385,-0.969848,0.09204319,0.03729638,-0.5943241,-0.1982124,1.491544,0.7806611,-2.992569
-6.751366,0.6653596,-0.5792658,-1.938004,1.432047,1.905051,-0.8522385,-0.969848,0.09204319,0.03729638,-0.5943241,-0.1982124,1.491544,0.7806611,-2.992569
-6.751366,0.6653596,-0.5792658,-1.938004,1.432047,1.905051,-0.8522385,-0.969848,0.09204319,0.03729638,-0.5943241,-0.1982124,1.491544,0.7806611,-2.992569
-6.751366,0.6653596,-0.5792658,-1.938004,1.432047,1.905051,-0.8522385,-0.969848,0.09204319,0.03729638,-0.5943241,-0.1982124,1.491544,0.7806611,-2.992569
-6.751366,0.6653596,-0.5792658,-1.938004,1.432047,1.905051,-0.8522385,-0.969848,0.09204319,0.03729638,-0.5943241,-0.1982124,1.491544,0.7806611,-2.992569
-6.751366,0.6653596,-0.5792658,-1.938004,1.432047,1.905051,-0.8522385,-0.969848,0.09204319,0.03729638,-0.5943241,-0.1982124,1.491544,0.7806611,-2.992569
-6.751366,0.6653596,-0.5792658,-1.938004,1.432047,1.905051,-0.8522385,-0.969848,0.09204319,0.03729638,-0.5943241,-0.1982124,1.491544,0.7806611,-2.992569
-6.751366,0.6653596,-0.5792658,-1.938004,1.432047,1.905051,-0.8522385,-0.969848,0.09204319,0.03729638,-0.5943241,-0.1982124,1.491544,0.7806611,-2.992569
-6.751366,0.6653596,-0.5792658,-1.938004,1.432047,1.905051,-0.8522385,-0.969848,0.09204319,0.03729638,-0.5943241,-0.1982124,1.491544,0.7806611,-2.992569
-6.751366,0.6653596,-0.5792658,-1.938004,1.432047,1.905051,-0.8522385,-0.969848,0.09204319,0.03729638,-0.5943241,-0.1982124,1.491544,0.7806611,-2.992569
-6.751366,0.6653596,-0.5792658,-1.938004,1.432047,1.905051,-0.8522385,-0.969848,0.09204319,0.03729638,-0.5943241,-0.1982124,1.491544,0.7806611,-2.992569
-6.751366,0.6653596,-0.5792658,-1.938004,1.432047,1.905051,-0.8522385,-0.969848,0.09204319,0.03729638,-0.5943241,-0.1982124,1.491544,0.7806611,-2.992569
-6.751366,0.6653596,-0.5792658,-1.938004,1.432047,1.905051,-0.8522385,-0.969848,0.09204319,0.03729638,-0.5943241,-0.1982124,1.491544,0.7806611,-2.992569
-6.751366,0.6653596,-0.5792658,-1.938004,1.432047,1.905051,-0.8522385,-0.969848,0.09204319,0.03729638,-0.5943241,-0.1982124,1.491544,0.7806611,-2.992569
-6.751366,0.6653596,-0.5792658,-1.938004,1.432047,1.905051,-0.8522385,-0.969848,0.09204319,0.03729638,-0.5943241,-0.1982124,1.491544,0.7806611,-2.992569
-6.751366,0.6653596,-0.5792658,-1.938004,1.432047,1.905051,-0.8522385,-0.969848,0.09204319,0.03729638,-0.5943241,-0.1982124,1.491544,0.7806611,-2.992569
-6.751366,0.6653596,-0.5792658,-1.938004,1.432047,1.905051,-0.8522385,-0.969848,0.09204319,0.03729638,-0.5943241,-0.1982124,1.491544,0.7806611,-2.992569
-6.751366,0.6653596,-0.5792658,-1.938004,1.432047,1.905051,-0.8522385,-0.969848,0.09204319,0.03729638,-0.5943241,-0.1982124,1.491544,0.7806611,-2.992569
-6.751366,0.6653596,-0.5792658,-1.938004,1.432047,1.905051,-0.8522385,-0.969848,0.09204319,0.03729638,-0.5943241,-0.1982124,1.491544,0.7806611,-2.992569
-6.751366,0.6653596,-0.5792658,-1.938004,1.432047,1.905051,-0.8522385,-0.969848,0.09204319,0.03729638,-0.5943241,-0.1982124,1.491544,0.7806611,-2.992569
-6.751366,0.6653596,-0.5792658,-1.938004,1.432047,1.905051,-0.8522385,-0.969848,0.09204319,0.03729638,-0.5943241,-0.1982124,1.491544,0.7806611,-2.992569
-6.751366,0.6653596,-0.5792658,-1.938004,1.432047,1.905051,-0.8522385,-0.969848,0.09204319,0.03729638,-0.5943241,-0.1982124,1.491544,0.7806611,-2.992569
-6.751366,0.6653596,-0.5792658,-1.938004,1.432047,1.905051,-0.8522385,-0.969848,0.09204319,0.03729638,-0.5943241,-0.1982124,1.491544,0.7806611,-2.992569
-6.751366,0.6653596,-0.5792658,-1.938004,1.432047,1.905051,-0.8522385,-0.969848,0.09204319,0.03729638,-0.5943241,-0.1982124,1.491544,0.7806611,-2.992569
-6.751366,0.6653596,-0.5792658,-1.938004,1.432047,1.905051,-0.8522385,-0.969848,0.09204319,0.03729638,-0.5943241,-0.1982124,1.491544,0.7806611,-2.992569
-6.751366,0.6653596,-0.5792658,-1.938004,1.432047,1.905051,-0.8522385,-0.969848,0.09204319,0.03729638,-0.5943241,-0.1982124,1.491544,0.7806611,-2.992569
-6.751366,0.6653596,-0.5792658,-1.938004,1.432047,1.905051,-0.8522385,-0.969848,0.09204319,0.03729638,-0.5943241,-0.1982124,1.491544,0.7806611,-2.992569
-6.751366,0.6653596,-0.5792658,-1.938004,1.432047,1.905051,-0.8522385,-0.969848,0.09204319,0.03729638,-0.5943241,-0.1982124,1.491544,0.7806611,-2.992569
-6.751366,0.6653596,-0.5792658,-1.938004,1.432047,1.905051,-0.8522385,-0.969848,0.09204319,0.03729638,-0.5943241,-0.1982124,1.491544,0.7806611,-2.992569
-6.751366,0.6653596,-0.5792658,-1.938004,1.432047,1.905051,-0.8522385,-0.969848,0.09204319,0.03729638,-0.5943241,-0.1982124,1.491544,0.7806611,-2.992569
-6.751366,0.6653596,-0.5792658,-1.938004,1.432047,1.905051,-0.8522385,-0.969848,0.09204319,0.03729638,-0.5943241,-0.1982124,1.491544,0.7806611,-2.992569
-6.751366,0.6653596,-0.5792658,-1.938004,1.432047,1.905051,-0.8522385,-0.969848,0.09204319,0.03729638,-0.5943241,-0.1982124,1.491544,0.7806611,-2.992569
-6.751366,0.6653596,-0.5792658,-1.938004,1.432047,1.905051,-0.8522385,-0.969848,0.09204319,0.03729638,-0.5943241,-0.1982124,1.491544,0.7806611,-2.992569
-6.751366,0.6653596,-0.5792658,-1.938004,1.432047,1.905051,-0.8522385,-0.969848,0.09204319,0.03729638,-0.5943241,-0.1982124,1.491544,0.7806611,-2.992569
-6.751366,0.6653596,-0.5792658,-1.938004,1.432047,1.905051,-0.8522385,-0.969848,0.09204319,0.03729638,-0.5943241,-0.1982124,1.491544,0.7806611,-2.992569
-6.751366,0.6653596,-0.5792658,-1.938004,1.432047,1.905051,-0.8522385,-0.969848,0.09204319,0.03729638,-0.5943241,-0.1982124,1.491544,0.7806611,-2.992569
-6.751366,0.6653596,-0.5792658,-1.938004,1.432047,1.905051,-0.8522385,-0.969848,0.09204319,0.03729638,-0.5943241,-0.1982124,1.491544,0.7806611,-2.992569
-6.751366,0.6653596,-0.5792658,-1.938004,1.432047,1.905051,-0.8522385,-0.969848,0.09204319,0.03729638,-0.5943241,-0.1982124,1.491544,0.7806611,-2.992569
-6.751366,0.6653596,-0.5792658,-1.938004,1.432047,1.905051,-0.8522385,-0.969848,0.09204319,0.03729638,-0.5943241,-0.1982124,1.491544,0.7806611,-2.992569
-6.751366,0.6653596,-0.5792658,-1.938004,1.432047,1.905051,-0.8522385,-0.969848,0.09204319,0.03729638,-0.5943241,-0.1982124,1.491544,0.7806611,-2.992569
-6.751366,0.6653596,-0.5792658,-1.938004,1.432047,1.905051,-0.8522385,-0.969848,0.09204319,0.03729638,-0.5943241,-0.1982124,1.491544,0.7806611,-2.992569
-6.751366,0.6653596,-0.5792658,-1.938004,1.432047,1.905051,-0.8522385,-0.969848,0.09204319,0.03729638,-0.5943241,-0.1982124,1.491544,0.7806611,-2.992569
-6.751366,0.6653596,-0.5792658,-1.938004,1.432047,1.905051,-0.8522385,-0.969848,0.09204319,0.03729638,-0.5943241,-0.1982124,1.491544,0.7806611,-2.992569
-6.751366,0.6653596,-0.5792658,-1.938004,1.432047,1.905051,-0.8522385,-0.969848,0.09204319,0.03729638,-0.5943241,-0.1982124,1.491544,0.7806611,-2.992569
-6.751366,0.6653596,-0.5792658,-1.938004,1.432047,1.905051,-0.8522385,-0.969848,0.09204319,0.03729638,-0.5943241,-0.1982124,1.491544,0.7806611,-2.992569
-6.751366,0.6653596,-0.5792658,-1.938004,1.432047,1.905051,-0.8522385,-0.969848,0.09204319,0.03729638,-0.5943241,-0.1982124,1.491544,0.7806611,-2.992569
-6.751366,0.6653596,-0.5792658,-1.938004,1.432047,1.905051,-0.8522385,-0.969848,0.09204319,0.03729638,-0.5943241,-0.1982124,1.491544,0.7806611,-2.992569
-6.751366,0.6653596,-0.5792658,-1.938004,1.432047,1.905051,-0.8522385,-0.969848,0.09204319,0.03729638,-0.5943241,-0.1982124,1.491544,0.7806611,-2.992569
-6.751366,0.6653596,-0.5792658,-1.938004,1.432047,1.905051,-0.8522385,-0.969848,0.09204319,0.03729638,-0.5943241,-0.1982124,1.491544,0.7806611,-2.992569
-6.751366,0.6653596,-0.5792658,-1.938004,1.432047,1.905051,-0.8522385,-0.969848,0.09204319,0.03729638,-0.5943241,-0.1982124,1.491544,0.7806611,-2.992569
-6.751366,0.6653596,-0.5792658,-1.938004,1.432047,1.905051,-0.8522385,-0.969848,0.09204319,0.03729638,-0.5943241,-0.1982124,1.491544,0.7806611,-2.992569
-6.751366,0.6653596,-0.5792658,-1.938004,1.432047,1.905051,-0.8522385,-0.969848,0.09204319,0.03729638,-0.5943241,-0.1982124,1.491544,0.7806611,-2.992569
-6.751366,0.6653596,-0.5792658,-1.938004,1.432047,1.905051,-0.8522385,-0.969848,0.09204319,0.03729638,-0.5943241,-0.1982124,1.491544,0.7806611,-2.992569
-6.751366,0.6653596,-0.5792658,-1.938004,1.432047,1.905051,-0.8522385,-0.969848,0.09204319,0.03729638,-0.5943241,-0.1982124,1.491544,0.7806611,-2.992569
-6.751366,0.6653596,-0.5792658,-1.938004,1.432047,1.905051,-0.8522385,-0.969848,0.09204319,0.03729638,-0.5943241,-0.1982124,1.491544,0.7806611,-2.992569
-6.751366,0.6653596,-0.5792658,-1.938004,1.432047,1.905051,-0.8522385,-0.969848,0.09204319,0.03729638,-0.5943241,-0.1982124,1.491544,0.7806611,-2.992569
-6.751366,0.6653596,-0.5792658,-1.938004,1.432047,1.905051,-0.8522385,-0.969848,0.09204319,0.03729638,-0.5943241,-0.1982124,1.491544,0.7806611,-2.992569
-6.751366,0.6653596,-0.5792658,-1.938004,1.432047,1.905051,-0.8522385,-0.969848,0.09204319,0.03729638,-0.5943241,-0.1982124,1.491544,0.7806611,-2.992569
-6.751366,0.6653596,-0.5792658,-1.938004,1.432047,1.905051,-0.8522385,-0.969848,0.09204319,0.03729638,-0.5943241,-0.1982124,1.491544,0.7806611,-2.992569
-6.751366,0.6653596,-0.5792658,-1.938004,1.432047,1.905051,-0.8522385,-0.969848,0.09204319,0.03729638,-0.5943241,-0.1982124,1.491544,0.7806611,-2.992569
-6.751366,0.6653596,-0.5792658,-1.938004,1.432047,1.905051,-0.8522385,-0.969848,0.09204319,0.03729638,-0.5943241,-0.1982124,1.491544,0.7806611,-2.992569
-6.751366,0.6653596,-0.5792658,-1.938004,1.432047,1.905051,-0.8522385,-0.969848,0.09204319,0.03729638,-0.5943241,-0.1982124,1.491544,0.7806611,-2.992569
-6.751366,0.6653596,-0.5792658,-1.938004,1.432047,1.905051,-0.8522385,-0.969848,0.09204319,0.03729638,-0.5943241,-0.1982124,1.491544,0.7806611,-2.992569
-6.751366,0.6653596,-0.5792658,-1.938004,1.432047,1.905051,-0.8522385,-0.969848,0.09204319,0.03729638,-0.5943241,-0.1982124,1.491544,0.7806611,-2.992569
-6.751366,0.6653596,-0.5792658,-1.938004,1.432047,1.905051,-0.8522385,-0.969848,0.09204319,0.03729638,-0.5943241,-0.1982124,1.491544,0.7806611,-2.992569
-6.751366,0.6653596,-0.5792658,-1.938004,1.432047,1.905051,-0.8522385,-0.969848,0.09204319,0.03729638,-0.5943241,-0.1982124,1.491544,0.7806611,-2.992569
-6.751366,0.6653596,-0.5518754,-1.938004,1.432047,1.905051,-0.8522385,-0.969848,0.09204319,0.03729638,-0.5943241,-0.1982124,1.491544,0.7806611,-2.992569
-6.751366,0.6653596,-0.5518754,-1.938004,1.432047,1.905051,-0.8522385,-0.969848,0.09204319,0.03729638,-0.5943241,-0.1982124,1.491544,0.7806611,-2.992569
-6.751366,0.6653596,-0.5518754,-1.938004,1.432047,1.905051,-0.8522385,-0.969848,0.09204319,0.03729638,-0.5943241,-0.1982124,1.491544,0.7806611,-2.992569
-6.751366,0.6653596,-0.5518754,-1.938004,1.432047,1.905051,-0.8522385,-0.969848,0.09204319,0.03729638,-0.5943241,-0.1982124,1.491544,0.7981141,-2.992569
-6.751366,0.6653596,-0.5518754,-1.938004,1.432047,1.905051,-0.8522385,-0.969848,0.09204319,0.03729638,-0.5943241,-0.1982124,1.477638,0.7981141,-2.992569
-6.751366,0.6653596,-0.5518754,-1.938004,1.432047,1.905051,-0.8522385,-0.969848,0.09204319,0.03729638,-0.5943241,-0.1982124,1.477638,0.7981141,-2.992569
-6.751366,0.6653596,-0.5518754,-1.938004,1.459071,1.905051,-0.8522385,-0.969848,0.09204319,0.03729638,-0.5893248,-0.1982124,1.477638,0.7981141,-2.992569
-6.751366,0.6653596,-0.5388854,-1.927911,1.468631,1.905051,-0.8522385,-0.969848,0.09204319,0.03729638,-0.5893248,-0.1982124,1.477638,0.7981141,-2.992569
-6.751366,0.6653596,-0.5277127,-1.910764,1.468631,1.902474,-0.8522385,-0.969848,0.09204319,0.03729638,-0.5893248,-0.1982124,1.477638,0.7981141,-2.992569
-6.751366,0.6653596,-0.5277127,-1.910764,1.481851,1.902474,-0.8522385,-0.969848,0.09204319,0.03729638,-0.5893248,-0.1982124,1.477638,0.7981141,-2.992569
-6.751366,0.6653596,-0.5277127,-1.90494,1.481851,1.902474,-0.8522385,-0.969848,0.09204319,0.03729638,-0.5893248,-0.1982124,1.477638,0.7981141,-2.992569
-6.751366,0.6653596,-0.5277127,-1.90494,1.481851,1.902474,-0.8522385,-0.9661224,0.09204319,0.03729638,-0.5893248,-0.1982124,1.477638,0.7981141,-2.992569
-6.751366,0.6653596,-0.5277127,-1.90494,1.481851,1.902474,-0.8522385,-0.9661224,0.09204319,0.03729638,-0.5893248,-0.1982124,1.477638,0.7981141,-2.992569
-6.751366,0.6653596,-0.5277127,-1.90494,1.481851,1.902474,-0.8522385,-0.9661224,0.09204319,0.03729638,-0.5893248,-0.1982124,1.477638,0.7981141,-2.992569
-6.751366,0.6653596,-0.5277127,-1.90494,1.481851,1.902474,-0.8522385,-0.9661224,0.09204319,0.03729638,-0.5893248,-0.1982124,1.477638,0.7981141,-2.992569
-6.751366,0.6653596,-0.5277127,-1.90494,1.481851,1.902474,-0.8522385,-0.9661224,0.09204319,0.03729638,-0.5893248,-0.1982124,1.477638,0.7981141,-2.992569
-6.751366,0.6653596,-0.5277127,-1.90494,1.481851,1.902474,-0.8522385,-0.9661224,0.09204319,0.03729638,-0.5893248,-0.1982124,1.477638,0.7981141,-2.992569
-6.751366,0.6653596,-0.5277127,-1.90494,1.481851,1.902474,-0.8522385,-0.9661224,0.09204319,0.03729638,-0.5893248,-0.1982124,1.477638,0.7981141,-2.992569
-6.751366,0.6653596,-0.5277127,-1.90494,1.481851,1.902474,-0.8522385,-0.9661224,0.09204319,0.03729638,-0.5893248,-0.1982124,1.477638,0.7981141,-2.992569
-6.751366,0.6653596,-0.5277127,-1.90494,1.481851,1.902474,-0.8522385,-0.9661224,0.09204319,0.03729638,-0.5893248,-0.1982124,1.477638,0.7981141,-2.992569
-6.751366,0.6653596,-0.5277127,-1.90494,1.481851,1.902474,-0.8522385,-0.9661224,0.09204319,0.03729638,-0.5893248,-0.1982124,1.477638,0.7981141,-2.992569
-6.751366,0.6653596,-0.5277127,-1.90494,1.481851,1.902474,-0.8522385,-0.9661224,0.09204319,0.03729638,-0.5893248,-0.1982124,1.477638,0.7981141,-2.992569
-6.751366,0.6653596,-0.5277127,-1.90494,1.481851,1.902474,-0.8522385,-0.9661224,0.09204319,0.03729638,-0.5893248,-0.1982124,1.477638,0.7981141,-2.992569
-6.751366,0.6653596,-0.5277127,-1.90494,1.481851,1.902474,-0.8522385,-0.9661224,0.09204319,0.03729638,-0.5893248,-0.1982124,1.477638,0.7981141,-2.992569
-6.751366,0.6653596,-0.5097037,-1.90494,1.501535,1.894736,-0.8468635,-0.9661224,0.09204319,0.03729638,-0.5934041,-0.1982124,1.477638,0.7981141,-2.992569
-6.751366,0.6653596,-0.5097037,-1.90494,1.501535,1.894736,-0.8468635,-0.9661224,0.1048291,0.03729638,-0.5934041,-0.1982124,1.480781,0.7981141,-2.992569
-6.751366,0.6653596,-0.5097037,-1.89213,1.508992,1.89125,-0.8468635,-0.9661224,0.1048291,0.03729638,-0.5981653,-0.1972861,1.480781,0.7981141,-2.992569
-6.751366,0.6653596,-0.4940885,-1.89213,1.508992,1.907943,-0.8468635,-0.9661224,0.1048291,0.04722364,-0.5981653,-0.1918776,1.480781,0.7981141,-2.992569
-6.751366,0.6653596,-0.4940885,-1.89213,1.508992,1.907943,-0.8468635,-0.9661224,0.1048291,0.04722364,-0.5981653,-0.1918776,1.480781,0.7981141,-2.992569
-6.751366,0.6653596,-0.4940885,-1.89213,1.508992,1.907943,-0.8468635,-0.9661224,0.1048291,0.04722364,-0.5981653,-0.1918776,1.480781,0.7981141,-2.992569
-6.751366,0.6653596,-0.4940885,-1.89213,1.508992,1.907943,-0.8468635,-0.9661224,0.1048291,0.04722364,-0.5981653,-0.1918776,1.480781,0.7981141,-2.992569
-6.751366,0.6653596,-0.4940885,-1.89213,1.508992,1.907943,-0.8468635,-0.9661224,0.1048291,0.04722364,-0.5981653,-0.1918776,1.480781,0.7981141,-2.992569
-6.751366,0.6653596,-0.4940885,-1.89213,1.508992,1.907943,-0.8468635,-0.9661224,0.1048291,0.04722364,-0.5981653,-0.1918776,1.480781,0.7981141,-2.992569
-6.751366,0.6653596,-0.4940885,-1.89213,1.508992,1.907943,-0.8468635,-0.9661224,0.1048291,0.04722364,-0.5981653,-0.1918776,1.480781,0.7981141,-2.992569
-6.751366,0.6653596,-0.4940885,-1.89213,1.508992,1.907943,-0.8468635,-0.9661224,0.1048291,0.04722364,-0.5981653,-0.1918776,1.480781,0.7981141,-2.992569
-6.751366,0.6653596,-0.4847829,-1.89213,1.508992,1.907943,-0.8284292,-0.9661224,0.1144534,0.04722364,-0.5981653,-0.1918776,1.480781,0.7981141,-2.992569
-6.751366,0.6653596,-0.4847829,-1.89213,1.508992,1.910262,-0.8284292,-0.9661224,0.1144534,0.04722364,-0.5981653,-0.1918776,1.480781,0.7981141,-2.992569
-6.751366,0.6653596,-0.4641071,-1.876389,1.508992,1.910262,-0.8154352,-0.9661224,0.1238165,0.04722364,-0.5981653,-0.1918776,1.480781,0.7981141,-2.992569
-6.751366,0.6653596,-0.4641071,-1.866239,1.508992,1.910262,-0.8077665,-0.9661224,0.1238165,0.04722364,-0.5981653,-0.1918776,1.480781,0.7981141,-3.003083
-6.751366,0.6850259,-0.4641071,-1.866239,1.508992,1.910262,-0.8077665,-0.9661224,0.1238165,0.04722364,-0.5981653,-0.1918776,1.480781,0.7981141,-3.003083
-6.751366,0.6850259,-0.4641071,-1.866239,1.508992,1.910262,-0.8077665,-0.9661224,0.1238165,0.04722364,-0.5981653,-0.1918776,1.480781,0.7981141,-3.003083
-6.751366,0.6850259,-0.4619937,-1.874991,1.508992,1.910262,-0.8077665,-0.9661224,0.1238165,0.04722364,-0.5981653,-0.1918776,1.480781,0.7981141,-3.003083
-6.751366,0.6850259,-0.4450756,-1.874991,1.510169,1.910262,-0.8077665,-0.9661224,0.1238165,0.04722364,-0.5981653,-0.1918776,1.480781,0.7981141,-3.003083
-6.751366,0.6850259,-0.4450756,-1.874991,1.517903,1.920278,-0.8077665,-0.9661224,0.1238165,0.04722364,-0.5981653,-0.1918776,1.480781,0.7981141,-3.003083
-6.751366,0.6850259,-0.4372023,-1.876416,1.517903,1.913954,-0.8077665,-0.9661224,0.1238165,0.04722364,-0.5981653,-0.1918776,1.480781,0.7981141,-3.003083
-6.751366,0.7033603,-0.436754,-1.876416,1.517903,1.913954,-0.8077665,-0.9661224,0.1238165,0.04722364,-0.5981653,-0.1918776,1.480781,0.7981141,-3.003083
-6.751366,0.7033603,-0.4282221,-1.876955,1.517903,1.913954,-0.7898218,-0.9415129,0.1449588,0.04722364,-0.5981653,-0.1918776,1.470482,0.7956893,-3.003083
-6.751366,0.7323776,-0.4282221,-1.876955,1.507998,1.913954,-0.7790277,-0.9415129,0.1449588,0.04722364,-0.5981653,-0.1918776,1.470482,0.7973348,-3.003083
-6.751366,0.7323776,-0.4282221,-1.876955,1.520588,1.913954,-0.7790277,-0.9428524,0.1389425,0.06691942,-0.5855778,-0.1918776,1.454041,0.7863735,-2.991495
-6.751366,0.7323776,-0.4282221,-1.876955,1.520588,1.913954,-0.7790277,-0.9375412,0.1389425,0.067966,-0.5855778,-0.1918776,1.454041,0.7863735,-2.991495
-6.751366,0.7323776,-0.4358061,-1.876955,1.520588,1.913954,-0.7790277,-0.9375412,0.1389425,0.067966,-0.5828615,-0.1918776,1.454041,0.7863735,-2.991495
-6.751366,0.7323776,-0.4358061,-1.876955,1.520588,1.921946,-0.7790277,-0.9375412,0.1389425,0.06510095,-0.5752299,-0.1724739,1.455056,0.7863735,-2.979012
-6.751366,0.7323776,-0.4363444,-1.876955,1.520588,1.926637,-0.7790277,-0.9375412,0.1280299,0.07620559,-0.5752299,-0.1755644,1.442797,0.7872088,-2.979012
-6.751366,0.7323776,-0.4363444,-1.876955,1.533951,1.923086,-0.7790222,-0.9375412,0.1280299,0.07620559,-0.5583067,-0.1755644,1.442797,0.7872088,-2.979012
-6.751366,0.7323776,-0.4363444,-1.876955,1.533951,1.927502,-0.7809232,-0.9375412,0.1282964,0.07620559,-0.5583067,-0.1755644,1.450817,0.7872088,-2.977465
-6.751366,0.7323776,-0.4363444,-1.874002,1.533951,1.927502,-0.7809232,-0.9313682,0.1135529,0.08464118,-0.5526106,-0.1870005,1.475764,0.7907239,-2.979899
-6.751366,0.7355579,-0.4363444,-1.874002,1.532586,1.927502,-0.7809232,-0.9313682,0.1135529,0.08464118,-0.5621406,-0.1870005,1.475764,0.7907239,-2.978126
-6.751366,0.7355579,-0.4363444,-1.874002,1.532586,1.927502,-0.7809232,-0.9313682,0.1135529,0.08464118,-0.5621406,-0.1893337,1.477549,0.7907239,-2.978126
-6.751366,0.7355579,-0.4374977,-1.874002,1.532586,1.927502,-0.7809232,-0.9404904,0.1135529,0.09413091,-0.5621406,-0.1893337,1.477549,0.7907239,-2.993627
-6.751366,0.7355579,-0.4211226,-1.86724,1.540872,1.927502,-0.7741136,-0.9404904,0.1135529,0.09413091,-0.5621406,-0.1880084,1.477549,0.8047096,-2.988102
-6.751366,0.7476486,-0.4247169,-1.868055,1.540872,1.936414,-0.7669954,-0.9404904,0.1135529,0.09413091,-0.5621406,-0.1932808,1.477549,0.8047096,-2.988102
-6.751366,0.7549154,-0.4247169,-1.86694,1.553952,1.939624,-0.7556013,-0.9514605,0.112157,0.09210201,-0.5746565,-0.1919166,1.477549,0.8047096,-2.988102
-6.751366,0.7549154,-0.4333226,-1.869091,1.553952,1.939624,-0.7556013,-0.9514605,0.09549074,0.09210201,-0.5746565,-0.1919166,1.477549,0.8047096,-2.988102
-6.751366,0.7549154,-0.4333226,-1.869091,1.562531,1.945702,-0.7614962,-0.9576867,0.106925,0.07418384,-0.584101,-0.2015421,1.478596,0.8120888,-2.988102
-6.751366,0.7549154,-0.4333226,-1.871859,1.553972,1.945702,-0.7614962,-0.9576867,0.106925,0.07418384,-0.584101,-0.2015421,1.478596,0.8120888,-2.988102
-6.751366,0.7549154,-0.4333226,-1.871859,1.553972,1.945702,-0.7614962,-0.9576867,0.106925,0.07418384,-0.584101,-0.2015421,1.478596,0.8120888,-2.988102
-6.751366,0.7549154,-0.4333226,-1.871859,1.553972,1.945702,-0.7614962,-0.9576867,0.106925,0.07418384,-0.584101,-0.2015421,1.478596,0.8120888,-2.988102
-6.751366,0.7549154,-0.4333226,-1.871859,1.553972,1.945702,-0.7614962,-0.9576867,0.106925,0.07418384,-0.584101,-0.2015421,1.478596,0.8120888,-2.988102
-6.751366,0.7549154,-0.4333226,-1.871859,1.553972,1.945702,-0.7614962,-0.9576867,0.106925,0.07418384,-0.584101,-0.2015421,1.478596,0.8120888,-2.988102
-6.751366,0.7549154,-0.4333226,-1.871859,1.553972,1.945702,-0.7614962,-0.9576867,0.1028894,0.09370994,-0.584101,-0.2015421,1.478596,0.8120888,-2.988102
-6.751366,0.7549154,-0.4333226,-1.871859,1.553972,1.945702,-0.7640126,-0.9554924,0.1068232,0.09370994,-0.584101,-0.2015421,1.463204,0.8120888,-2.988102
-6.751366,0.7549154,-0.4333226,-1.871859,1.553972,1.945702,-0.7640126,-0.9554924,0.1068232,0.09370994,-0.584101,-0.2015421,1.463204,0.8268863,-2.989605
-6.751366,0.7549154,-0.4333226,-1.871859,1.553972,1.945702,-0.7640126,-0.9559453,0.1068232,0.09292053,-0.584101,-0.1946372,1.469361,0.8268863,-2.989605
-6.751366,0.7494807,-0.4333226,-1.871859,1.553972,1.945702,-0.7761582,-0.9559453,0.1068232,0.09292053,-0.584101,-0.1946372,1.460575,0.8318359,-2.989605
-6.751366,0.7494807,-0.4333226,-1.871859,1.553972,1.945702,-0.7817647,-0.9559453,0.1068232,0.09292053,-0.59787,-0.1946372,1.469123,0.8318359,-2.972222
-6.751366,0.7477383,-0.4333226,-1.871859,1.553972,1.945702,-0.7817647,-0.9559453,0.1068232,0.09292053,-0.59787,-0.1946372,1.47005,0.8214651,-2.972222
-6.751366,0.7477383,-0.4333226,-1.871859,1.553972,1.945702,-0.7817647,-0.9559453,0.1068232,0.09292053,-0.59787,-0.1946372,1.47005,0.8292784,-2.972222
-6.751366,0.7477383,-0.4333226,-1.871859,1.545914,1.945702,-0.7720657,-0.9640762,0.1135605,0.09938601,-0.59787,-0.1946372,1.47005,0.8285576,-2.972222
-6.751366,0.7477383,-0.4443341,-1.879973,1.545914,1.945702,-0.7819907,-0.9640762,0.1196418,0.09330311,-0.59787,-0.1760065,1.47005,0.8161472,-2.967469
-6.751366,0.7477383,-0.4443341,-1.879973,1.545914,1.945702,-0.7819907,-0.9640762,0.1113118,0.06571925,-0.59787,-0.1760065,1.47005,0.8226153,-2.968871
-6.751366,0.7477383,-0.4443341,-1.879973,1.545914,1.945702,-0.7819907,-0.9453842,0.1079194,0.04812221,-0.59787,-0.168914,1.47005,0.8163936,-2.968871
-6.751366,0.7477383,-0.4443341,-1.879973,1.536783,1.945702,-0.7819907,-0.9453842,0.1079194,0.04812221,-0.59787,-0.168914,1.47005,0.8163936,-2.968234
-6.751366,0.7604905,-0.4425633,-1.877121,1.536783,1.949596,-0.7860074,-0.9610038,0.1079194,0.04812221,-0.59787,-0.168914,1.47005,0.8163936,-2.968234
-6.751366,0.7604905,-0.4425633,-1.877121,1.536783,1.949596,-0.7860074,-0.9610038,0.1079194,0.04812221,-0.59787,-0.168914,1.47005,0.8163936,-2.968234
-6.751366,0.7604905,-0.4425633,-1.877121,1.536783,1.949596,-0.7860074,-0.9610038,0.1079194,0.04812221,-0.59787,-0.168914,1.47005,0.8163936,-2.968234
-6.751366,0.7604905,-0.4425633,-1.877121,1.536783,1.949596,-0.7860074,-0.9610038,0.1079194,0.04812221,-0.59787,-0.168914,1.47005,0.8163936,-2.968234
-6.751366,0.7604905,-0.4425633,-1.877121,1.536783,1.949596,-0.7860074,-0.9610038,0.1079194,0.04812221,-0.59787,-0.168914,1.47005,0.8163936,-2.968234
-6.751366,0.7604905,-0.4425633,-1.877121,1.536783,1.949596,-0.7860074,-0.9610038,0.1079194,0.04812221,-0.59787,-0.168914,1.47005,0.8163936,-2.968234
-6.751366,0.7604905,-0.4425633,-1.877121,1.536783,1.949596,-0.7860074,-0.9610038,0.1079194,0.04812221,-0.59787,-0.168914,1.47005,0.8163936,-2.968234
-6.751366,0.7604905,-0.4425633,-1.877121,1.536783,1.949596,-0.7860074,-0.9610038,0.1079194,0.04812221,-0.59787,-0.168914,1.47005,0.8163936,-2.968234
-6.751366,0.7604905,-0.4425633,-1.877121,1.536783,1.949596,-0.7860074,-0.9610038,0.1079194,0.04812221,-0.59787,-0.168914,1.47005,0.8163936,-2.968234
-6.751366,0.7604905,-0.4425633,-1.877121,1.536783,1.949596,-0.7860074,-0.9610038,0.1079194,0.04812221,-0.59787,-0.168914,1.47005,0.8163936,-2.968234
-6.751366,0.7604905,-0.4425633,-1.877121,1.536783,1.949596,-0.7860074,-0.9610038,0.1079194,0.04812221,-0.59787,-0.168914,1.47005,0.8163936,-2.968234
-6.751366,0.7604905,-0.4425633,-1.877121,1.536783,1.949596,-0.7860074,-0.9610038,0.1079194,0.04812221,-0.59787,-0.168914,1.47005,0.8163936,-2.968234
-6.751366,0.7604905,-0.4425633,-1.877121,1.536783,1.949596,-0.7860074,-0.9610038,0.1079194,0.04812221,-0.59787,-0.168914,1.47005,0.8163936,-2.968234
-6.751366,0.7604905,-0.4425633,-1.877121,1.536783,1.949596,-0.7860074,-0.9610038,0.1079194,0.04812221,-0.59787,-0.168914,1.474424,0.8274063,-2.968234
-6.751366,0.7562318,-0.4425633,-1.877121,1.536783,1.949596,-0.7860074,-0.9610038,0.1079194,0.0570437,-0.59787,-0.168914,1.480007,0.8257101,-2.968234
-6.751366,0.7562318,-0.4425633,-1.877121,1.536783,1.964933,-0.7860074,-0.9526496,0.1039931,0.0570437,-0.6215394,-0.168914,1.480007,0.8257101,-2.968234
-6.751366,0.7562318,-0.4341668,-1.871418,1.536783,1.964933,-0.7860074,-0.9526496,0.1039931,0.0570437,-0.6305385,-0.168914,1.480007,0.8152769,-2.968234
-6.751366,0.7562318,-0.4386902,-1.846797,1.536783,1.964933,-0.7860074,-0.9682837,0.1039931,0.06579221,-0.6305385,-0.168914,1.480007,0.8152769,-2.968234
-6.751366,0.7562318,-0.4338883,-1.854238,1.536783,1.963514,-0.7860074,-0.9682837,0.1039931,0.06579221,-0.6305385,-0.168914,1.480007,0.8152769,-2.968234
-6.751366,0.7562318,-0.4338883,-1.854238,1.536783,1.963514,-0.7860074,-0.9682837,0.1191768,0.0713144,-0.6305385,-0.168914,1.480007,0.8152769,-2.968234
-6.751366,0.7562318,-0.4338883,-1.854238,1.536783,1.963514,-0.7773259,-0.9682837,0.1122522,0.0713144,-0.6178082,-0.168914,1.480007,0.7952154,-2.968234
-6.751366,0.7562318,-0.4338883,-1.854238,1.536783,1.963514,-0.7773259,-0.9682837,0.1122522,0.0713144,-0.6086037,-0.168914,1.480007,0.7952154,-2.968234
-6.751366,0.7562318,-0.4390252,-1.84725,1.551031,1.960465,-0.7773259,-0.9753352,0.09769641,0.06504727,-0.6086037,-0.1541617,1.480358,0.7989621,-2.952447
-6.751366,0.7781261,-0.4390252,-1.84725,1.551031,1.960465,-0.7757011,-0.9753352,0.09769641,0.04767789,-0.6254512,-0.1541617,1.480358,0.7989621,-2.952447
-6.751366,0.7781261,-0.4472694,-1.84725,1.551031,1.960465,-0.782177,-0.9737052,0.09769641,0.04767789,-0.6254512,-0.1541617,1.480358,0.7989621,-2.952447
-6.751366,0.7781261,-0.4526121,-1.85487,1.548226,1.960465,-0.782177,-0.9737052,0.09769641,0.04767789,-0.6254512,-0.1541617,1.480358,0.7989621,-2.952447
-6.751366,0.7781261,-0.4526121,-1.85487,1.548226,1.960465,-0.782177,-0.9737052,0.09769641,0.04767789,-0.6254512,-0.1541617,1.480358,0.7989621,-2.952447
-6.751366,0.7781261,-0.4526121,-1.85487,1.548226,1.970603,-0.7760168,-0.9804235,0.09769641,0.04767789,-0.6459074,-0.1541617,1.480358,0.7975605,-2.952447
-6.751366,0.7632343,-0.4526121,-1.85487,1.548226,1.970603,-0.7760168,-0.9804235,0.09655569,0.05316122,-0.6459074,-0.1541617,1.487455,0.8098844,-2.952447
-6.751366,0.7632343,-0.4526121,-1.85487,1.548226,1.970603,-0.7760168,-0.9804235,0.09655569,0.04427111,-0.6459074,-0.1541617,1.487455,0.8098844,-2.952447
-6.751366,0.7632343,-0.4526121,-1.849162,1.548226,1.970603,-0.7760168,-0.9804235,0.09655569,0.04427111,-0.6459074,-0.1541617,1.487455,0.8098844,-2.952447
-6.751366,0.7632343,-0.4526121,-1.849162,1.548226,1.990594,-0.7819701,-0.9893093,0.09655569,0.04425339,-0.6351716,-0.1541617,1.487455,0.8098844,-2.952863
-6.751366,0.7632343,-0.4526121,-1.852115,1.548226,1.990594,-0.7819701,-0.9893093,0.09655569,0.04425339,-0.6351716,-0.1541617,1.487455,0.8098844,-2.952863
-6.751366,0.7632343,-0.4526121,-1.852115,1.548226,2.014649,-0.7819701,-0.9893093,0.09655569,0.04425339,-0.6351716,-0.1541617,1.487455,0.8098844,-2.952863
-6.751366,0.7632343,-0.4526121,-1.852115,1.548226,2.014649,-0.7819701,-0.9893093,0.09655569,0.04425339,-0.6351716,-0.1541617,1.487455,0.8098844,-2.952863
-6.751366,0.7632343,-0.4526121,-1.852115,1.548226,2.006533,-0.7745605,-0.970971,0.1024835,0.04425339,-0.6351716,-0.1541617,1.487455,0.8098844,-2.952863
-6.751366,0.7632343,-0.4518201,-1.852115,1.548226,2.006533,-0.781303,-0.9669105,0.09792211,0.04425339,-0.6370926,-0.1639072,1.487455,0.8098844,-2.952863
-6.751366,0.7632343,-0.4518201,-1.852115,1.548226,2.006533,-0.7926815,-0.9711246,0.09617588,0.04425339,-0.6400997,-0.1639072,1.487455,0.8098844,-2.952863
-6.751366,0.757487,-0.4518201,-1.852115,1.548226,2.006533,-0.794329,-0.9711246,0.09617588,0.03126518,-0.6418073,-0.1639072,1.487455,0.8098844,-2.955866
-6.751366,0.757487,-0.4518201,-1.852115,1.548226,2.006533,-0.794329,-0.9698656,0.09617588,0.03126518,-0.6418073,-0.1637381,1.482718,0.799504,-2.941469
-6.751366,0.7495074,-0.4479641,-1.852115,1.540903,2.006533,-0.794329,-0.9698656,0.09617588,0.03126518,-0.6418073,-0.1637381,1.482718,0.799504,-2.941469
-6.751366,0.7495074,-0.4479641,-1.836907,1.51594,1.992586,-0.794329,-0.9698656,0.09617588,0.03126518,-0.632251,-0.1637381,1.48578,0.799504,-2.941469
-6.751366,0.7495074,-0.4479641,-1.836683,1.515391,1.992586,-0.794329,-0.9698656,0.09617588,0.03126518,-0.632251,-0.159276,1.472838,0.8033649,-2.941469
-6.751366,0.7495074,-0.4500728,-1.836683,1.515391,1.992586,-0.794329,-0.9698656,0.1045886,0.03126518,-0.6153955,-0.159276,1.453334,0.8033649,-2.958278
-6.751366,0.7495074,-0.4500728,-1.836683,1.515391,1.992586,-0.7794673,-0.9698656,0.1045886,0.03126518,-0.6153955,-0.159276,1.457477,0.8033649,-2.958278
-6.751366,0.7495074,-0.4522655,-1.836683,1.515391,2.004475,-0.765197,-0.9698656,0.1045886,0.03126518,-0.6196713,-0.159276,1.482751,0.8033649,-2.958278
-6.751366,0.7495074,-0.4522655,-1.816856,1.515391,2.004475,-0.765197,-0.9698656,0.1045886,0.03126518,-0.6196713,-0.159276,1.482751,0.8033649,-2.958278
-6.751366,0.7495074,-0.4522655,-1.816856,1.514461,2.004475,-0.765197,-0.9698656,0.1045886,0.03126518,-0.6196713,-0.159276,1.501586,0.8033649,-2.958278
-6.751366,0.7495074,-0.4522655,-1.816856,1.514461,2.004475,-0.765197,-0.9698656,0.1045886,0.03126518,-0.6196713,-0.1665779,1.501586,0.8033649,-2.958278
-6.751366,0.7475992,-0.4522655,-1.814041,1.517073,2.004475,-0.765197,-0.9705565,0.1045886,0.03126518,-0.6196713,-0.1617215,1.523491,0.8033649,-2.955777
-6.751366,0.7506859,-0.4552261,-1.814041,1.517073,2.004475,-0.7665112,-0.9705565,0.105749,0.0391808,-0.6196713,-0.1652028,1.523491,0.8039842,-2.944468
-6.751366,0.7506859,-0.4552261,-1.814041,1.517073,2.004475,-0.7665112,-0.9705565,0.105749,0.0391808,-0.6223891,-0.1652028,1.523491,0.8039842,-2.944468
-6.751366,0.7506859,-0.4552261,-1.814041,1.517073,2.004475,-0.7665112,-0.9705565,0.1079551,0.0391808,-0.6223891,-0.1652028,1.523491,0.8039842,-2.944468
-6.751366,0.7506859,-0.4717271,-1.814041,1.517073,2.004475,-0.7618469,-0.9542929,0.1079551,0.0391808,-0.6223891,-0.1652028,1.523491,0.8060825,-2.93891
-6.751366,0.7506859,-0.4731556,-1.829554,1.517073,2.004475,-0.7660432,-0.9542929,0.1163416,0.0391808,-0.6336164,-0.1652028,1.523491,0.8060825,-2.913629
-6.751366,0.7506859,-0.463939,-1.829554,1.517073,2.00286,-0.7640193,-0.9542929,0.1163416,0.0391808,-0.6336164,-0.1652028,1.523491,0.8060825,-2.913629
-6.751366,0.7506859,-0.463939,-1.829554,1.517073,2.00286,-0.7640193,-0.9542929,0.1163416,0.0391808,-0.6336164,-0.1652028,1.523491,0.8060825,-2.913629
-6.751366,0.7506859,-0.4597352,-1.829554,1.517073,2.00286,-0.7640193,-0.9552894,0.1138894,0.0391808,-0.6336164,-0.1691439,1.528761,0.8330471,-2.913629
-6.751366,0.7506859,-0.4705739,-1.837984,1.509049,2.00286,-0.7625846,-0.9552894,0.1138006,0.0391808,-0.6338241,-0.1671273,1.51933,0.8330471,-2.911456
-6.751366,0.7506859,-0.4705739,-1.837984,1.509049,1.994543,-0.7625846,-0.9552894,0.1138006,0.0391808,-0.6338241,-0.1671273,1.51933,0.8330471,-2.918136
-6.751366,0.7506859,-0.4662505,-1.837984,1.518011,1.991295,-0.7570278,-0.9552894,0.1235857,0.0391808,-0.6441835,-0.1691512,1.520307,0.8330471,-2.919911
-6.751366,0.7508036,-0.4662505,-1.828134,1.518011,1.984432,-0.7570278,-0.9603362,0.1235857,0.04666892,-0.6254445,-0.1845472,1.520307,0.8330471,-2.919911
-6.751366,0.7508036,-0.4662505,-1.828134,1.5042,1.984432,-0.7545175,-0.9628876,0.1289643,0.05049325,-0.6254445,-0.1899152,1.527454,0.8480608,-2.919911
-6.751366,0.750214,-0.4662505,-1.828134,1.5042,1.997062,-0.7600308,-0.9628876,0.1326608,0.05523788,-0.6254445,-0.1899152,1.517301,0.8629687,-2.917834
-6.751366,0.7519513,-0.4662505,-1.828134,1.5042,1.997062,-0.7600308,-0.9628876,0.1326608,0.05523788,-0.6254445,-0.1899152,1.517301,0.8678436,-2.917834
-6.751366,0.7571751,-0.4735617,-1.828134,1.512862,1.977178,-0.7600308,-0.9618646,0.1326608,0.05523788,-0.6254445,-0.1899152,1.517301,0.8678436,-2.915015
-6.751366,0.7613827,-0.4755947,-1.828134,1.512862,1.977178,-0.7600308,-0.9618646,0.1326608,0.05523788,-0.6115108,-0.1858226,1.511499,0.8678436,-2.915015
-6.751366,0.7613827,-0.4755947,-1.828134,1.512862,1.974629,-0.7600308,-0.9618646,0.1326608,0.06140294,-0.6115108,-0.1712786,1.519197,0.8678436,-2.90775
-6.751366,0.7613827,-0.4755947,-1.830745,1.516947,1.974629,-0.754513,-0.9618646,0.1507867,0.07018619,-0.6167022,-0.1666883,1.532713,0.8563103,-2.911523
-6.751366,0.7613827,-0.4755947,-1.830745,1.516947,1.964661,-0.754513,-0.9684822,0.1507867,0.07018619,-0.6167022,-0.1666883,1.532713,0.85748,-2.911523
-6.751366,0.7613827,-0.4672342,-1.830745,1.511733,1.972559,-0.7598776,-0.9671217,0.1507867,0.07018619,-0.6165147,-0.155455,1.532713,0.8567737,-2.91081
-6.751366,0.7582573,-0.4718749,-1.830745,1.511733,1.972559,-0.7598776,-0.9612419,0.1507867,0.04799446,-0.6165147,-0.1674096,1.532713,0.8567737,-2.91081
-6.751366,0.7582573,-0.4676884,-1.830745,1.511733,1.986735,-0.7599032,-0.9612419,0.1409865,0.04327167,-0.6165147,-0.1674096,1.532713,0.8567737,-2.91081
-6.751366,0.7582573,-0.4676884,-1.837357,1.511733,1.986735,-0.7599032,-0.9903311,0.1375862,0.04327167,-0.6165147,-0.1674096,1.532713,0.8567737,-2.91081
-6.751366,0.7551697,-0.4550289,-1.834934,1.494811,1.988047,-0.7599032,-0.9903311,0.1375862,0.04327167,-0.6165147,-0.1674096,1.532713,0.8567737,-2.91081
-6.751366,0.7551697,-0.4550289,-1.834934,1.494811,1.988047,-0.7599032,-0.9903311,0.1375862,0.04327167,-0.6165147,-0.1674096,1.524757,0.8567737,-2.91081
-6.751366,0.7681984,-0.4550289,-1.834934,1.494811,1.983386,-0.7599032,-0.9833172,0.1506234,0.04327167,-0.6165147,-0.1674096,1.524757,0.8724329,-2.91081
-6.751366,0.7681984,-0.4505151,-1.834934,1.505313,1.983386,-0.7599032,-0.9833172,0.1506234,0.04327167,-0.6165147,-0.1674096,1.518362,0.8641782,-2.91081
-6.751366,0.7568692,-0.4505151,-1.834934,1.505313,1.983386,-0.7659815,-0.9833172,0.1506234,0.04327167,-0.6165147,-0.1674096,1.518362,0.8641782,-2.91081
-6.751366,0.7677364,-0.435336,-1.844451,1.496612,1.97469,-0.7659815,-0.9839992,0.1500443,0.03185809,-0.6165147,-0.1894536,1.518362,0.8713743,-2.91081
-6.751366,0.7677364,-0.4320457,-1.844909,1.496612,1.97469,-0.7659815,-0.9884494,0.1500443,0.03185809,-0.6165147,-0.1942809,1.518362,0.8713743,-2.91081
-6.751366,0.7677364,-0.4320457,-1.844909,1.496612,1.97469,-0.7659815,-0.9900389,0.1720841,0.03185809,-0.6121194,-0.1979951,1.518362,0.8768729,-2.899063
-6.751366,0.7677364,-0.4329873,-1.844909,1.496612,1.97469,-0.7659815,-0.9900389,0.1485922,0.02951661,-0.6121194,-0.1979466,1.518362,0.8768729,-2.895542
-6.751366,0.7677364,-0.4357167,-1.844909,1.496612,1.97469,-0.7659815,-0.9880761,0.1485922,0.02951661,-0.6121194,-0.1979466,1.518362,0.8696604,-2.895542
-6.751366,0.7677364,-0.4357167,-1.844909,1.49772,1.97469,-0.7673091,-0.9880761,0.1485922,0.02762196,-0.6121194,-0.1917236,1.518362,0.8666616,-2.895542
-6.751366,0.7677364,-0.4357167,-1.844909,1.49772,1.97469,-0.7673091,-0.9880761,0.1485922,0.02762196,-0.6121194,-0.1914531,1.518362,0.8666616,-2.895542
-6.751366,0.7677364,-0.4357167,-1.845355,1.520657,1.97469,-0.7673091,-1.003102,0.1517272,0.02762196,-0.6121194,-0.1914531,1.518362,0.8666616,-2.901205
-6.751366,0.7677364,-0.4357167,-1.85211,1.520657,1.975493,-0.7673091,-1.003102,0.1579171,0.03491538,-0.6121194,-0.1846294,1.491583,0.8660002,-2.901205
-6.751366,0.7677364,-0.4357167,-1.85211,1.520657,1.975493,-0.7673091,-1.003102,0.1520926,0.03491538,-0.6121194,-0.1846294,1.491583,0.8660002,-2.901205
-6.751366,0.7677364,-0.4357167,-1.85211,1.520657,1.975493,-0.7673091,-1.013027,0.1527156,0.04028704,-0.6121194,-0.1846294,1.491583,0.8660002,-2.901205
-6.751366,0.7677364,-0.4357167,-1.866211,1.527477,1.975493,-0.7673091,-1.021872,0.1527156,0.02845419,-0.6121194,-0.1846294,1.491583,0.8660002,-2.901205
-6.751366,0.7677364,-0.4357167,-1.86325,1.537311,1.975493,-0.7673091,-1.021872,0.1527156,0.02845419,-0.6139584,-0.1846294,1.491583,0.8660002,-2.901205
-6.751366,0.7677364,-0.4216565,-1.86325,1.537311,1.975493,-0.7673091,-1.021872,0.1527156,0.02845419,-0.6151616,-0.1846294,1.491583,0.8660002,-2.901205
-6.751366,0.7693603,-0.4216565,-1.85158,1.537311,1.975493,-0.7673091,-1.021872,0.1540963,0.02845419,-0.6141595,-0.193704,1.491583,0.8660002,-2.901205
-6.751366,0.7681338,-0.4276588,-1.861309,1.537311,1.975493,-0.7707322,-1.010659,0.1477217,0.02845419,-0.6091922,-0.193704,1.490346,0.868049,-2.901205
-6.751366,0.7681338,-0.4276588,-1.861309,1.537311,1.975493,-0.7707322,-1.005676,0.1477217,0.02845419,-0.6091922,-0.193704,1.490346,0.868049,-2.901205
-6.751366,0.7681338,-0.4276588,-1.861309,1.537311,1.975493,-0.7707322,-1.005676,0.1477217,0.02845419,-0.6091922,-0.193704,1.490346,0.868049,-2.901205
-6.751366,0.7681338,-0.4276588,-1.861309,1.537311,1.975493,-0.7707322,-1.005676,0.1477217,0.02845419,-0.6091922,-0.193704,1.474298,0.868049,-2.901205
-6.751366,0.7681338,-0.4276588,-1.861309,1.537311,1.962852,-0.7753377,-1.002811,0.1487882,0.02845419,-0.6091922,-0.193704,1.474298,0.868049,-2.901205
-6.751366,0.7701298,-0.4252083,-1.861309,1.537311,1.962852,-0.7753377,-1.002811,0.1487882,0.02845419,-0.6091922,-0.193704,1.474298,0.868049,-2.901205
-6.751366,0.7727757,-0.4330755,-1.850514,1.540406,1.962852,-0.7753377,-1.002811,0.1487882,0.02845419,-0.6091922,-0.193704,1.484091,0.868049,-2.901205
-6.751366,0.7672823,-0.4330755,-1.861618,1.540406,1.964969,-0.7753377,-1.002811,0.1487882,0.02845419,-0.6091922,-0.193704,1.484091,0.868049,-2.901205
-6.751366,0.7672823,-0.4330755,-1.861618,1.540406,1.964969,-0.7753377,-1.002811,0.1487882,0.02845419,-0.6091922,-0.193704,1.484091,0.868049,-2.901205
-6.751366,0.7672823,-0.4330755,-1.861618,1.540406,1.964969,-0.7753377,-1.002811,0.1487882,0.02845419,-0.6091922,-0.193704,1.484091,0.868049,-2.901205
-6.751366,0.7672823,-0.4330755,-1.863226,1.540406,1.964969,-0.7753377,-1.002811,0.1487882,0.04923956,-0.6091922,-0.193704,1.484091,0.868049,-2.901205
-6.751366,0.7672823,-0.4208992,-1.872073,1.520748,1.944216,-0.7753377,-1.002811,0.1487882,0.05560715,-0.6091922,-0.193704,1.474294,0.868049,-2.915804
-6.751366,0.7672823,-0.4155881,-1.860426,1.520748,1.944216,-0.7796128,-1.002811,0.1487882,0.05560715,-0.6091922,-0.193704,1.474294,0.8721292,-2.915804
-6.751366,0.7672823,-0.4155881,-1.86718,1.520748,1.973864,-0.7796128,-1.002811,0.1487882,0.04857315,-0.6076419,-0.1997406,1.474294,0.8745528,-2.915804
-6.751366,0.7672823,-0.4155881,-1.86718,1.520748,1.973864,-0.7796128,-1.002811,0.1487882,0.04857315,-0.6076419,-0.1997406,1.474294,0.8745528,-2.915804
-6.751366,0.7672823,-0.4155881,-1.86718,1.513161,1.973864,-0.7796128,-0.9986825,0.1487882,0.04857315,-0.6076419,-0.1997406,1.467852,0.8745528,-2.915804
-6.751366,0.7672823,-0.4155881,-1.873347,1.513161,1.973864,-0.7796128,-0.9986825,0.1487882,0.04857315,-0.6076419,-0.1997406,1.467852,0.8745528,-2.915804
-6.751366,0.7672823,-0.4155881,-1.873347,1.513161,1.973864,-0.7796128,-0.9986825,0.1487882,0.04857315,-0.6076419,-0.1997406,1.494749,0.8745528,-2.915804
-6.751366,0.7672823,-0.4155881,-1.873347,1.513161,1.977768,-0.7796128,-0.9986825,0.1487882,0.03487556,-0.5970175,-0.1997406,1.478137,0.8745528,-2.915804
-6.751366,0.7672823,-0.4155881,-1.873347,1.503543,1.977768,-0.7796128,-0.9943827,0.1527577,0.03487556,-0.5961872,-0.1997406,1.493416,0.8745528,-2.915804
-6.751366,0.7672823,-0.4155881,-1.873347,1.503543,1.977768,-0.7793594,-0.9945385,0.1527577,0.0519378,-0.5961872,-0.196002,1.493416,0.8745528,-2.915804
-6.751366,0.7672823,-0.4155881,-1.873347,1.503543,1.977768,-0.7793594,-0.9945385,0.1527577,0.0519378,-0.5961872,-0.196002,1.493416,0.8745528,-2.915804
-6.751366,0.7672823,-0.4155881,-1.873347,1.503543,1.977768,-0.7793594,-0.9945385,0.1527577,0.0519378,-0.5961872,-0.196002,1.493416,0.8745528,-2.915804
-6.751366,0.7672823,-0.4155881,-1.873347,1.503543,1.977768,-0.7919962,-1.003831,0.1527577,0.0519378,-0.5961872,-0.196002,1.493416,0.8821384,-2.915804
-6.751366,0.7672823,-0.4155881,-1.873347,1.505683,1.977768,-0.7919962,-1.003831,0.1527577,0.0519378,-0.5900973,-0.196002,1.493416,0.8928464,-2.912936
-6.751366,0.7673334,-0.4155881,-1.873347,1.505683,1.964263,-0.7919962,-1.00875,0.1527577,0.04272637,-0.5900973,-0.196002,1.493416,0.8928464,-2.912936
-6.751366,0.7673334,-0.4155881,-1.873347,1.505683,1.964263,-0.7919962,-1.00875,0.1527577,0.04272637,-0.5953635,-0.196002,1.493416,0.9038884,-2.912936
-6.751366,0.7673334,-0.3974019,-1.886849,1.505683,1.953821,-0.7943951,-0.9901774,0.1706453,0.03473633,-0.5953635,-0.1938286,1.484347,0.9038884,-2.90566
-6.751366,0.7766626,-0.3974019,-1.886849,1.514553,1.960361,-0.8009415,-0.9901774,0.166795,0.0426925,-0.5950075,-0.1938286,1.484347,0.9143577,-2.90566
-6.751366,0.7766626,-0.3905547,-1.886849,1.514553,1.960361,-0.8009415,-0.9901774,0.166795,0.0426925,-0.5950075,-0.1938286,1.506508,0.9120141,-2.90566
-6.751366,0.7766626,-0.4035505,-1.886849,1.533073,1.960361,-0.8009415,-0.9907053,0.166795,0.0426925,-0.5950075,-0.1938286,1.506508,0.9120141,-2.90566
-6.751366,0.7766626,-0.4035505,-1.887749,1.533073,1.960361,-0.8153206,-0.9870016,0.1742144,0.03340465,-0.5950075,-0.1938286,1.506508,0.9120141,-2.90566
-6.751366,0.7766626,-0.4035505,-1.887749,1.533073,1.960361,-0.8153206,-0.9870016,0.1742144,0.03340465,-0.5950075,-0.1938286,1.506508,0.9120141,-2.90566
-6.751366,0.7766626,-0.4035505,-1.887749,1.533073,1.960361,-0.8153206,-0.9870016,0.1742144,0.04041513,-0.6102875,-0.1865353,1.506508,0.9120141,-2.899684
-6.751366,0.7766626,-0.4028664,-1.887749,1.537528,1.960361,-0.8153206,-0.988723,0.1742144,0.04041513,-0.6102875,-0.1865353,1.506508,0.9120141,-2.899684
-6.751366,0.7738031,-0.4228591,-1.887749,1.552492,1.968682,-0.8153206,-0.988723,0.1697826,0.04041513,-0.6102875,-0.1865353,1.506508,0.9120141,-2.894964
-6.751366,0.7738031,-0.4208502,-1.887749,1.552492,1.968682,-0.8153206,-0.988723,0.1697826,0.04041513,-0.6102875,-0.1865353,1.506508,0.9120141,-2.894964
-6.751366,0.7643679,-0.412821,-1.878192,1.552492,1.968682,-0.8153206,-0.9774352,0.1727949,0.02515612,-0.6157052,-0.1865353,1.507528,0.9302393,-2.894964
-6.751366,0.7776802,-0.41499,-1.878192,1.562718,1.970823,-0.8109727,-0.9774352,0.1699318,0.02733847,-0.6157052,-0.1865353,1.507528,0.9302393,-2.89576
-6.751366,0.772574,-0.41499,-1.878192,1.562718,1.970823,-0.8109727,-0.9774352,0.1699318,0.02219367,-0.6157052,-0.1989874,1.507528,0.9302393,-2.89576
-6.751366,0.772574,-0.4222909,-1.878192,1.562718,1.970823,-0.8109727,-0.9821579,0.1699318,0.02219367,-0.6157052,-0.1989874,1.507528,0.9302393,-2.881503
-6.751366,0.772574,-0.417642,-1.878192,1.544291,1.991646,-0.824138,-0.9821579,0.1729028,0.02219367,-0.6157052,-0.1989874,1.493337,0.9234458,-2.882313
-6.751366,0.772574,-0.417642,-1.878192,1.544291,1.991646,-0.8199044,-0.9785951,0.1729028,0.01718432,-0.6160301,-0.1989874,1.493337,0.9234458,-2.885885
-6.751366,0.772574,-0.417642,-1.878192,1.544291,1.991646,-0.8199044,-0.9785951,0.1729028,0.01718432,-0.6160301,-0.1989874,1.493337,0.9234458,-2.885885
-6.751366,0.772574,-0.417642,-1.878192,1.544291,1.991646,-0.8199044,-0.9785951,0.1839651,0.01718432,-0.6324786,-0.1989874,1.493337,0.9234458,-2.885885
-6.751366,0.772574,-0.417642,-1.878192,1.544291,1.991646,-0.8199044,-0.9876804,0.1850536,0.01718432,-0.6324786,-0.1989874,1.48432,0.9234458,-2.885885
-6.751366,0.772574,-0.417642,-1.878192,1.544291,1.991646,-0.8199044,-0.9876804,0.1850536,0.01718432,-0.6324786,-0.1989874,1.48432,0.9234458,-2.885885
-6.751366,0.772574,-0.417642,-1.878192,1.544291,1.991646,-0.8199044,-0.9876804,0.1850536,0.01718432,-0.6324786,-0.1989874,1.481943,0.9234458,-2.885885
-6.751366,0.7562841,-0.417642,-1.878192,1.544291,1.991646,-0.8184214,-0.9876804,0.1766027,0.01718432,-0.6324786,-0.1989874,1.481943,0.9234458,-2.885885
-6.751366,0.7562841,-0.417642,-1.878192,1.544291,1.991646,-0.8184214,-0.9876804,0.1766027,0.01718432,-0.6324786,-0.1989874,1.481943,0.9234458,-2.885885
-6.751366,0.7562841,-0.417642,-1.865843,1.541819,2.002791,-0.8364004,-0.971552,0.1766027,0.01718432,-0.6324786,-0.1989874,1.481943,0.9234458,-2.885885
-6.751366,0.7562841,-0.417642,-1.865843,1.541819,1.993595,-0.8431846,-0.971552,0.1751351,0.01718432,-0.6118877,-0.1989874,1.475051,0.9298085,-2.885885
-6.751366,0.7562841,-0.4208745,-1.850342,1.541819,1.993595,-0.8431846,-0.9731439,0.1751351,0.01718432,-0.6055253,-0.2079794,1.475051,0.9298085,-2.890896
-6.751366,0.7459576,-0.4171837,-1.872625,1.540988,1.993595,-0.8431846,-0.9731439,0.1751351,0.01718432,-0.6055253,-0.2079794,1.475051,0.9298085,-2.890896
-6.751366,0.7459576,-0.4171837,-1.872625,1.54738,1.994,-0.8431846,-0.9731439,0.1824631,0.01718432,-0.6055253,-0.2079794,1.475051,0.9388719,-2.902767
-6.751366,0.7364284,-0.4171837,-1.872625,1.54738,1.994,-0.8431846,-0.9731439,0.1824631,0.01718432,-0.6055253,-0.2079794,1.475051,0.9388719,-2.902767
-6.751366,0.7364284,-0.4171837,-1.872625,1.54738,1.994,-0.8431846,-0.9731439,0.1888043,0.01718432,-0.6055253,-0.1895825,1.475051,0.9318082,-2.90805
-6.751366,0.7364284,-0.4277276,-1.872625,1.54738,1.994,-0.8431846,-0.9719107,0.1896521,0.01983024,-0.6050695,-0.1750136,1.475051,0.9318082,-2.907308
-6.751366,0.7364284,-0.4299501,-1.880867,1.552556,2.006524,-0.8272319,-0.9719107,0.1896521,-0.00347535,-0.6018851,-0.1750136,1.483438,0.9318082,-2.92119
-6.751366,0.7274658,-0.4199444,-1.886405,1.552739,2.006524,-0.8272319,-0.9758663,0.1896521,-0.0131461,-0.6018851,-0.1708034,1.483438,0.9318082,-2.92119
-6.751366,0.7274658,-0.4199444,-1.886405,1.552739,2.006524,-0.8168097,-0.9614703,0.1853539,-0.02549641,-0.6018851,-0.1708034,1.483438,0.9270187,-2.934652
-6.751366,0.7309884,-0.4199444,-1.886405,1.552739,2.004144,-0.8103141,-0.9539056,0.1853539,-0.02549641,-0.6018851,-0.1708034,1.483438,0.9265784,-2.934652
-6.751366,0.7309884,-0.4199444,-1.886405,1.540798,2.004144,-0.8143696,-0.9448539,0.1853539,-0.02549641,-0.6018851,-0.1603131,1.483438,0.9265784,-2.934652
-6.751366,0.725527,-0.4239787,-1.886405,1.528877,2.004144,-0.8257897,-0.9448539,0.1853539,-0.02549641,-0.6018851,-0.1510838,1.483438,0.9265784,-2.934652
-6.751366,0.725527,-0.434025,-1.879652,1.513977,2.007888,-0.8257897,-0.9448539,0.1853539,-0.02549641,-0.6018851,-0.1627308,1.48781,0.9265784,-2.934652
-6.751366,0.725527,-0.434025,-1.882152,1.513977,2.007888,-0.8257897,-0.9448539,0.1853539,-0.02549641,-0.6018851,-0.1627308,1.48781,0.9265784,-2.934652
-6.751366,0.725527,-0.434025,-1.882152,1.513977,2.007888,-0.8257897,-0.9448539,0.1853539,-0.02549641,-0.6018851,-0.1614696,1.48781,0.9348031,-2.934652
-6.751366,0.7347323,-0.4351775,-1.882152,1.532165,2.007888,-0.8257897,-0.9448539,0.1950695,-0.02549641,-0.6008301,-0.180943,1.48781,0.9348031,-2.921171
-6.751366,0.7347323,-0.4351775,-1.882152,1.532165,2.007888,-0.8257897,-0.9448539,0.1950695,-0.02099626,-0.6008301,-0.180943,1.48781,0.9326299,-2.921171
-6.751366,0.7347323,-0.4351775,-1.882152,1.523963,2.007888,-0.8257897,-0.9448539,0.1950695,-0.02099626,-0.593906,-0.180943,1.48781,0.9349421,-2.921171
-6.751366,0.7347323,-0.4351775,-1.882152,1.523963,2.007888,-0.8257897,-0.9448539,0.1950695,-0.02099626,-0.593906,-0.180943,1.48781,0.9349421,-2.921171
-6.751366,0.7347323,-0.4351775,-1.882152,1.523963,2.014112,-0.8257897,-0.9356676,0.1950695,-0.02099626,-0.596274,-0.1953819,1.481673,0.9485376,-2.921171
-6.751366,0.7341855,-0.4351775,-1.866403,1.523963,2.014112,-0.8257897,-0.9356676,0.1950695,-0.02099626,-0.596274,-0.1953819,1.481673,0.9485376,-2.921171
-6.751366,0.7341855,-0.4351775,-1.866403,1.523963,2.014112,-0.8257897,-0.9356676,0.1950695,-0.02099626,-0.596274,-0.1953819,1.481673,0.9485376,-2.921171
-6.751366,0.7341855,-0.4351775,-1.866403,1.523963,2.014112,-0.8257897,-0.9356676,0.1950695,-0.02099626,-0.596274,-0.1953819,1.481673,0.9485376,-2.921171
-6.751366,0.7341855,-0.4351775,-1.866403,1.523963,2.014112,-0.8257897,-0.9356676,0.1950695,-0.02099626,-0.5863233,-0.1944911,1.473018,0.9441456,-2.914385
-6.751366,0.7433535,-0.4351775,-1.874445,1.536614,2.000869,-0.8257897,-0.9356676,0.185628,-0.03888698,-0.5863233,-0.1944911,1.473018,0.9531947,-2.914385
-6.751366,0.7522385,-0.4337671,-1.874445,1.536614,1.995276,-0.8257897,-0.9356676,0.185628,-0.03888698,-0.5863233,-0.2018943,1.466079,0.9531947,-2.914385
-6.751366,0.7522385,-0.4337671,-1.874445,1.536614,1.995276,-0.8379094,-0.9356676,0.1871602,-0.02682912,-0.5728166,-0.2018943,1.466079,0.9543068,-2.915816
-6.751366,0.7566962,-0.4295789,-1.874445,1.536614,1.995276,-0.8379094,-0.9356676,0.1871602,-0.02682912,-0.5728166,-0.2018943,1.466079,0.9543068,-2.915816
-6.751366,0.7566962,-0.4295789,-1.874445,1.536614,1.995276,-0.8379094,-0.9356676,0.1848183,-0.02682912,-0.5728166,-0.2018943,1.471327,0.9543068,-2.915816
-6.751366,0.7566962,-0.4295789,-1.874445,1.545489,1.995276,-0.8379094,-0.9285366,0.1858936,-0.02348324,-0.5733292,-0.2107565,1.471327,0.9584836,-2.909749
-6.751366,0.7566962,-0.4295789,-1.874445,1.545489,1.995276,-0.8379094,-0.9285366,0.1858936,-0.02348324,-0.5733292,-0.2107565,1.465386,0.9584836,-2.909749
-6.751366,0.7566962,-0.4295789,-1.874445,1.545489,1.995276,-0.8379094,-0.9285366,0.1731268,-0.02348324,-0.5750934,-0.2193272,1.478386,0.9584836,-2.897508
-6.751366,0.7566962,-0.4295789,-1.874445,1.545489,1.995276,-0.8379094,-0.9285366,0.1731268,-0.02348324,-0.5750934,-0.2193272,1.478386,0.9584836,-2.897732
-6.751366,0.7566962,-0.4295789,-1.874445,1.542261,1.995276,-0.8509342,-0.9285366,0.1788647,-0.02093541,-0.5750934,-0.2165845,1.478386,0.9584836,-2.897732
-6.751366,0.7566962,-0.4295789,-1.869715,1.542261,1.995276,-0.8509342,-0.9285366,0.1627101,-0.02093541,-0.5750934,-0.2239107,1.478386,0.9584836,-2.903212
-6.751366,0.7852168,-0.4295789,-1.869715,1.549022,1.995276,-0.8509342,-0.9285366,0.1627101,-0.02093541,-0.5750934,-0.2239107,1.478386,0.9584836,-2.903212
-6.751366,0.773642,-0.4295789,-1.869715,1.549022,1.995276,-0.8509342,-0.9285366,0.1627101,-0.02093541,-0.5750934,-0.2239107,1.478386,0.9584836,-2.903212
-6.751366,0.773642,-0.4295789,-1.869715,1.549022,1.995276,-0.8509342,-0.9285366,0.1627101,-0.007550675,-0.5790722,-0.2239107,1.478386,0.9584836,-2.903212
-6.751366,0.7789398,-0.4295789,-1.869715,1.549022,1.995276,-0.8509342,-0.9285366,0.1627101,-0.007550675,-0.5790722,-0.2239107,1.478386,0.9584836,-2.903212
-6.751366,0.7777353,-0.4295789,-1.869715,1.549022,1.995276,-0.8509342,-0.9285366,0.1627101,-0.007550675,-0.5790722,-0.2239107,1.478386,0.9584836,-2.903212
-6.751366,0.7777353,-0.4295789,-1.869715,1.549022,1.995276,-0.8509342,-0.9285366,0.1627101,-0.007550675,-0.5790722,-0.2239107,1.478386,0.9584836,-2.903212
-6.751366,0.7777353,-0.4295789,-1.869715,1.549022,1.995276,-0.8509342,-0.9285366,0.1627101,-0.007550675,-0.5790722,-0.2239107,1.478386,0.9584836,-2.903212
-6.751366,0.7777353,-0.4295789,-1.869715,1.549022,1.995276,-0.8509342,-0.9285366,0.1627101,-0.007550675,-0.5790722,-0.2296067,1.478386,0.9584836,-2.903212
-6.751366,0.7980533,-0.423824,-1.869715,1.549022,1.995276,-0.842735,-0.9260271,0.1686113,-0.007550675,-0.5790722,-0.2311758,1.478386,0.9584836,-2.903212
-6.751366,0.7980533,-0.423824,-1.869715,1.540944,1.995043,-0.8636569,-0.9260271,0.166764,-0.007550675,-0.5790722,-0.2311758,1.478585,0.952164,-2.903212
-6.751366,0.8039027,-0.4376214,-1.860621,1.557713,1.995043,-0.8636569,-0.9260271,0.166764,-0.007550675,-0.5790722,-0.2311758,1.481706,0.9560597,-2.90222
-6.751366,0.7794271,-0.4376214,-1.860621,1.557713,1.995043,-0.8537116,-0.9303956,0.177839,-0.007550675,-0.5721404,-0.2311758,1.477059,0.9440013,-2.90222
-6.751366,0.7794271,-0.4376214,-1.860621,1.557713,1.995043,-0.8537116,-0.9303956,0.1753227,-0.007550675,-0.5691298,-0.2311758,1.490598,0.9393338,-2.921673
-6.751366,0.765115,-0.4421677,-1.860621,1.557713,1.995043,-0.8537116,-0.9303956,0.1753227,-0.007550675,-0.5691298,-0.2311758,1.490598,0.9393338,-2.921673
-6.751366,0.765115,-0.4421677,-1.860621,1.557713,1.995043,-0.8537116,-0.9303956,0.1753227,-0.007550675,-0.5691298,-0.2311758,1.490598,0.9393338,-2.921673
-6.751366,0.765115,-0.4421677,-1.860621,1.557713,1.995043,-0.8537116,-0.9303956,0.1753227,-0.007550675,-0.5691298,-0.2311758,1.490598,0.9393338,-2.921673
-6.751366,0.765115,-0.4421677,-1.860621,1.557713,1.995043,-0.8537116,-0.9303956,0.1753227,-0.007550675,-0.5691298,-0.2311758,1.490598,0.9393338,-2.921673
-6.751366,0.765115,-0.4421677,-1.860621,1.557713,1.995043,-0.8537116,-0.9303956,0.1753227,-0.007550675,-0.5691298,-0.2311758,1.490598,0.9393338,-2.921673
-6.751366,0.765115,-0.4421677,-1.860621,1.557713,1.995043,-0.8537116,-0.9303956,0.1753227,-0.007550675,-0.5691298,-0.2311758,1.490598,0.9393338,-2.921673
-6.751366,0.765115,-0.4421677,-1.860621,1.557713,1.995605,-0.8537116,-0.9303956,0.1753227,-0.007550675,-0.5691298,-0.2311758,1.490598,0.9255774,-2.937107
-6.751366,0.765115,-0.4452772,-1.860621,1.557713,1.995605,-0.8537116,-0.9238282,0.1753227,-0.007550675,-0.5597389,-0.2311758,1.490598,0.9444374,-2.937107
-6.751366,0.765115,-0.4452772,-1.860621,1.557713,1.995605,-0.8537116,-0.9191381,0.1648336,-0.007550675,-0.546837,-0.2400206,1.490598,0.9123245,-2.922658
-6.751366,0.750964,-0.4452772,-1.860621,1.561803,1.995605,-0.8537116,-0.932037,0.1648336,-0.007550675,-0.546837,-0.2400206,1.490598,0.9123245,-2.941115
-6.751366,0.750964,-0.4452772,-1.860621,1.561803,1.995605,-0.8537116,-0.9457453,0.1648336,-0.007550675,-0.5450675,-0.2400206,1.488698,0.9153717,-2.941115
-6.751366,0.750964,-0.4452772,-1.860621,1.561803,1.985338,-0.8506056,-0.9730883,0.165637,-0.007550675,-0.5450675,-0.2316226,1.488698,0.9153717,-2.941115
-6.751366,0.750964,-0.4452772,-1.860621,1.561803,1.985338,-0.8506056,-0.9730883,0.165637,-0.007550675,-0.5450675,-0.2225763,1.488698,0.9306526,-2.941115
-6.751366,0.7340622,-0.4392472,-1.860621,1.561803,1.985338,-0.8355593,-0.9730883,0.165637,-0.007550675,-0.5450675,-0.2225763,1.497469,0.9306526,-2.941115
-6.751366,0.7340622,-0.4582771,-1.860621,1.567099,1.992698,-0.8347041,-0.9689052,0.171349,0.009460499,-0.5450675,-0.2318499,1.497469,0.9306526,-2.941115
-6.751366,0.7340622,-0.4498602,-1.860621,1.570608,1.992698,-0.8347041,-0.9589283,0.171349,0.009460499,-0.5358296,-0.2318499,1.497469,0.9306526,-2.942973
-6.751366,0.7302534,-0.4601676,-1.860621,1.570608,1.992698,-0.8347041,-0.9589283,0.171349,0.009460499,-0.5358296,-0.2318499,1.507028,0.9339689,-2.942973
-6.751366,0.7396257,-0.4601676,-1.860621,1.580983,1.9866,-0.8347041,-0.9589283,0.171349,0.009460499,-0.5358296,-0.2318499,1.507028,0.9339689,-2.942973
-6.751366,0.7389119,-0.4601676,-1.860621,1.579479,1.995722,-0.8347041,-0.9589283,0.171349,0.009460499,-0.5358296,-0.2318499,1.507028,0.9339689,-2.942973
-6.751366,0.7389119,-0.4601676,-1.860621,1.579479,1.995722,-0.8347041,-0.9589283,0.171349,0.009460499,-0.5358296,-0.2318499,1.507028,0.9339689,-2.942973
-6.751366,0.7389119,-0.4745274,-1.860621,1.579479,2.011417,-0.8291409,-0.9482382,0.1700616,0.009460499,-0.5358296,-0.2318499,1.497917,0.9339689,-2.945463
-6.751366,0.7389119,-0.4745274,-1.860621,1.579479,2.011417,-0.8291409,-0.9482382,0.1700616,0.009460499,-0.5358296,-0.2277033,1.497917,0.931096,-2.945463
-6.751366,0.7389119,-0.4745274,-1.860621,1.579479,2.024196,-0.833232,-0.9482382,0.1700616,0.009460499,-0.5358296,-0.2277033,1.496752,0.9305161,-2.945463
-6.751366,0.7389119,-0.4745274,-1.88241,1.576774,2.023094,-0.833232,-0.9443465,0.1643579,-0.0002680637,-0.5358296,-0.2277033,1.496752,0.9305161,-2.935814
-6.751366,0.7277848,-0.4875663,-1.88241,1.585892,2.023094,-0.8457548,-0.9443465,0.1643579,-0.0002680637,-0.5358296,-0.2277033,1.509557,0.9269315,-2.92706
-6.751366,0.7170046,-0.4875663,-1.88241,1.592846,2.034307,-0.8457548,-0.9443465,0.1643579,-0.0002680637,-0.541466,-0.2277033,1.509557,0.9269315,-2.92706
-6.751366,0.7170046,-0.4856654,-1.88241,1.592846,2.034307,-0.8457548,-0.9443465,0.1643579,-0.0002680637,-0.541466,-0.2277033,1.509557,0.9269315,-2.92706
-6.751366,0.6950272,-0.4905856,-1.882232,1.592846,2.034307,-0.848275,-0.9556198,0.1643579,-0.0002680637,-0.541466,-0.2226915,1.509557,0.9269315,-2.92706
-6.751366,0.6950272,-0.4905856,-1.882232,1.592846,2.034307,-0.848275,-0.9556198,0.1643579,-0.0002680637,-0.541466,-0.2110238,1.509557,0.9269315,-2.92706
-6.751366,0.6995145,-0.4789165,-1.882232,1.592846,2.014188,-0.848275,-0.9556198,0.1643579,0.01087815,-0.5357047,-0.2110238,1.492003,0.9388642,-2.936178
-6.751366,0.6813897,-0.4753561,-1.854508,1.568351,2.011737,-0.824485,-0.9556198,0.1550593,0.01087815,-0.5357047,-0.2110238,1.492003,0.9383005,-2.936178
-6.751366,0.6813897,-0.4753561,-1.854508,1.568351,2.017861,-0.8350501,-0.9556198,0.1560805,0.007697995,-0.5470419,-0.2110238,1.492003,0.9383005,-2.936178
-6.751366,0.6813897,-0.4753561,-1.854508,1.57245,2.017861,-0.8302889,-0.9359631,0.1370394,0.007697995,-0.5470419,-0.2110238,1.492003,0.9383005,-2.936178
-6.751366,0.6813897,-0.4743724,-1.854508,1.57245,2.017861,-0.8302889,-0.9359631,0.1370394,0.007697995,-0.5470419,-0.2110238,1.492003,0.9383005,-2.936178
-6.751366,0.6813897,-0.4743724,-1.854508,1.57245,2.017861,-0.8302889,-0.9359631,0.1370394,0.007697995,-0.5470419,-0.2110238,1.492003,0.9383005,-2.936178
-6.751366,0.6813897,-0.4743724,-1.854508,1.590286,2.023354,-0.8262995,-0.9359631,0.1285768,0.007697995,-0.5612956,-0.2086531,1.492003,0.9311669,-2.936178
-6.751366,0.6847743,-0.4743724,-1.843654,1.590286,2.029609,-0.8262995,-0.9359631,0.1250026,0.006135018,-0.5612956,-0.2086531,1.492003,0.9311669,-2.936178
-6.751366,0.6847743,-0.4743724,-1.843654,1.590286,2.029609,-0.8262995,-0.9359631,0.1250026,0.01635994,-0.5612956,-0.2047704,1.49156,0.9302014,-2.936178
-6.751366,0.6847743,-0.4687956,-1.843654,1.590286,2.029609,-0.8391552,-0.9409356,0.1297658,0.01635994,-0.5612956,-0.2047704,1.49156,0.9302014,-2.936178
-6.751366,0.6847743,-0.4687956,-1.843654,1.590286,2.029609,-0.8391552,-0.9409356,0.1297658,0.01635994,-0.5612956,-0.2047704,1.49156,0.9302014,-2.936178
-6.751366,0.6847743,-0.4687956,-1.843654,1.590286,2.029609,-0.8391552,-0.9409356,0.1297658,0.01635994,-0.5612956,-0.2047704,1.49156,0.9302014,-2.936178
-6.751366,0.6847743,-0.4687956,-1.843654,1.590286,2.029609,-0.8391552,-0.9409356,0.1297658,0.01635994,-0.5612956,-0.2047704,1.49156,0.9302014,-2.936178
-6.751366,0.6847743,-0.4687956,-1.843654,1.590286,2.029609,-0.8490351,-0.9409356,0.1297658,0.01635994,-0.5612956,-0.2047704,1.49156,0.9302014,-2.936178
-6.751366,0.6847743,-0.4687956,-1.843654,1.590286,2.029609,-0.8490351,-0.9409356,0.1297658,0.01635994,-0.5612956,-0.2047704,1.49156,0.9302014,-2.936178
-6.751366,0.6847743,-0.4687956,-1.843654,1.590286,2.029609,-0.8490351,-0.9409356,0.1297658,0.01635994,-0.5612956,-0.2047704,1.49156,0.9302014,-2.936178
-6.751366,0.6758125,-0.4779234,-1.854999,1.581033,2.029609,-0.8490351,-0.9409356,0.1297658,0.01635994,-0.5612956,-0.2047704,1.49156,0.9302014,-2.936178
-6.751366,0.6709016,-0.4779234,-1.854999,1.581033,2.017591,-0.8419591,-0.9483867,0.1297658,0.01635994,-0.5624026,-0.2047704,1.49156,0.9441842,-2.932694
-6.751366,0.6709016,-0.4779234,-1.854999,1.581033,2.013457,-0.8236866,-0.9658512,0.1264578,0.01168349,-0.5624026,-0.2121567,1.49156,0.9441842,-2.932694
-6.751366,0.6709016,-0.4687801,-1.848601,1.565054,2.00418,-0.8231089,-0.9658512,0.1264578,0.01168349,-0.5624026,-0.2121567,1.49156,0.9441842,-2.932694
-6.751366,0.6709016,-0.4687801,-1.848601,1.565054,2.00418,-0.8231089,-0.9538756,0.1264578,0.006345545,-0.5624026,-0.2121567,1.49156,0.9336459,-2.932694
-6.751366,0.6709016,-0.4687801,-1.848601,1.565054,2.00418,-0.8231089,-0.9538756,0.1264578,0.006345545,-0.5624026,-0.2121567,1.49156,0.9339246,-2.935582
-6.751366,0.6618151,-0.4687801,-1.848601,1.574697,2.00418,-0.8231089,-0.9569988,0.1264578,0.01661192,-0.5596815,-0.2213785,1.49156,0.9339246,-2.935582
-6.751366,0.6618151,-0.463198,-1.850254,1.574697,2.004299,-0.8231089,-0.9569988,0.1264578,0.006975887,-0.5622766,-0.2213785,1.493685,0.9339246,-2.941287
-6.751366,0.6618151,-0.463198,-1.850254,1.567019,2.017023,-0.8130076,-0.9569988,0.1294894,0.006975887,-0.5622766,-0.2213785,1.493685,0.9399674,-2.941287
-6.751366,0.6618151,-0.463198,-1.853722,1.568815,2.005036,-0.8130076,-0.9569988,0.1343575,0.006975887,-0.5622766,-0.2213785,1.47648,0.940249,-2.941287
-6.751366,0.6777378,-0.463198,-1.853722,1.568815,2.005036,-0.8130076,-0.9569988,0.1343575,0.006975887,-0.5622766,-0.2213785,1.47648,0.940249,-2.941287
-6.751366,0.6777378,-0.4662461,-1.853722,1.568815,2.005036,-0.8130076,-0.9569988,0.1343575,0.006975887,-0.5622766,-0.2236804,1.47648,0.940249,-2.941287
-6.751366,0.6819641,-0.4612497,-1.853722,1.564011,2.005036,-0.8096724,-0.9735053,0.1343575,0.01081881,-0.5559375,-0.2181001,1.47648,0.9349473,-2.941287
-6.751366,0.6819641,-0.4612497,-1.853722,1.564011,2.005036,-0.8096724,-0.9823444,0.14117,0.01601424,-0.5501843,-0.2294623,1.47648,0.9349473,-2.941287
-6.751366,0.6819641,-0.459007,-1.853722,1.564011,2.000733,-0.8096724,-0.9823444,0.14117,0.01601424,-0.5501843,-0.2294623,1.47648,0.9349473,-2.941287
-6.751366,0.6793661,-0.459007,-1.849959,1.564011,2.000733,-0.8096724,-0.9823444,0.14117,0.01601424,-0.5501843,-0.2321008,1.481934,0.9349473,-2.941287
-6.751366,0.6793661,-0.459007,-1.849959,1.570203,2.000733,-0.8096724,-0.9823444,0.14117,0.01601424,-0.5248566,-0.2321008,1.481934,0.9349473,-2.941287
-6.751366,0.6793661,-0.459007,-1.849959,1.570203,2.000733,-0.8038086,-0.9823444,0.14117,0.002313996,-0.5335709,-0.2395961,1.481934,0.9274531,-2.946525
-6.751366,0.6828301,-0.459007,-1.849959,1.570407,2.000733,-0.8038086,-0.9823444,0.1445359,0.002313996,-0.5335709,-0.2395961,1.481934,0.9420348,-2.946525
-6.751366,0.6843524,-0.459007,-1.849959,1.578208,1.99369,-0.8038086,-0.9823444,0.1445359,0.0092327,-0.5335709,-0.2373924,1.485106,0.9420348,-2.946525
-6.751366,0.6843524,-0.459007,-1.849959,1.578208,1.99369,-0.8038086,-0.9823444,0.1445359,0.0092327,-0.5417206,-0.2373924,1.471599,0.9420348,-2.94721
-6.751366,0.6843524,-0.459007,-1.849959,1.578208,1.99369,-0.8038086,-0.9823444,0.1445359,0.0092327,-0.5417206,-0.2373924,1.471599,0.9420348,-2.94721
-6.751366,0.6843524,-0.459007,-1.849959,1.578208,1.99369,-0.8002661,-0.9823444,0.1445359,0.0092327,-0.5417206,-0.2373924,1.471599,0.9525443,-2.94721
-6.751366,0.6902339,-0.459007,-1.849959,1.590157,1.99369,-0.7992862,-0.9823444,0.1514705,0.01892762,-0.5417206,-0.2211442,1.471599,0.9505615,-2.947429
-6.751366,0.6902339,-0.459007,-1.849959,1.590157,1.98953,-0.7992862,-0.9823444,0.1661872,0.01892762,-0.5417206,-0.2211442,1.471599,0.9590457,-2.9372
-6.751366,0.6902339,-0.4662604,-1.85236,1.601473,1.989457,-0.7992862,-0.9945472,0.1661872,0.01892762,-0.5417206,-0.2211442,1.471599,0.9590457,-2.9372
-6.751366,0.6902339,-0.4662604,-1.85236,1.589849,1.989457,-0.7853792,-0.9836973,0.1661872,0.02255715,-0.5417206,-0.2211442,1.471599,0.9467438,-2.9372
-6.751366,0.6902339,-0.4662604,-1.844438,1.589849,1.989457,-0.7853792,-0.9836973,0.1600975,0.01415923,-0.5395895,-0.2211442,1.471599,0.9467438,-2.9372
-6.751366,0.6902339,-0.4662604,-1.844438,1.589849,1.989457,-0.7853792,-0.9836973,0.1600975,0.01415923,-0.5395895,-0.2211442,1.471599,0.9467438,-2.9372
-6.751366,0.6902339,-0.4662604,-1.844438,1.589849,1.989457,-0.7853792,-0.9836973,0.1600975,0.01415923,-0.5395895,-0.2211442,1.471599,0.9467438,-2.9372
-6.751366,0.6902339,-0.4757957,-1.844438,1.589807,1.981734,-0.7835219,-0.9836973,0.1600975,0.01415923,-0.5364729,-0.218107,1.471599,0.9467438,-2.9372
-6.751366,0.6902339,-0.4757957,-1.844438,1.585752,1.99089,-0.774919,-0.9756426,0.1600975,0.01415923,-0.5364729,-0.218107,1.471599,0.9467438,-2.9372
-6.751366,0.6902339,-0.4757957,-1.861097,1.585752,1.99089,-0.774919,-0.9756426,0.1600975,0.01271401,-0.5364729,-0.2121899,1.471599,0.95054,-2.9372
-6.751366,0.6768374,-0.4723815,-1.861097,1.585752,1.99089,-0.793059,-0.9577966,0.1600975,0.01271401,-0.5364729,-0.2121899,1.458714,0.95054,-2.9372
-6.751366,0.6768374,-0.4723815,-1.861097,1.585752,1.992866,-0.7970701,-0.9609059,0.1544194,0.01271401,-0.5542124,-0.2121899,1.452249,0.95054,-2.9372
-6.751366,0.6768374,-0.4723815,-1.861097,1.585752,1.992866,-0.8065566,-0.9609059,0.1544194,0.01271401,-0.5542124,-0.2090965,1.452249,0.9515978,-2.9372
-6.751366,0.6708166,-0.4723815,-1.861097,1.585752,1.992866,-0.8065566,-0.9609059,0.1544194,0.01271401,-0.5445662,-0.201817,1.456505,0.9468938,-2.933753
-6.751366,0.6799751,-0.4693046,-1.861097,1.583997,1.992866,-0.8065566,-0.9609059,0.1544194,0.01747276,-0.5445662,-0.201817,1.456505,0.9468938,-2.935527
-6.751366,0.6799751,-0.4693046,-1.859097,1.583997,1.987586,-0.7866127,-0.9609059,0.1710214,0.01747276,-0.5445662,-0.201817,1.456505,0.9468938,-2.935527
-6.751366,0.6799751,-0.4693046,-1.860883,1.583997,1.987586,-0.7866127,-0.9609059,0.1710214,0.01747276,-0.5445662,-0.201817,1.456505,0.9468938,-2.935527
-6.751366,0.6799751,-0.4693046,-1.865437,1.583997,1.987586,-0.8011687,-0.9609059,0.1710214,0.01747276,-0.5445662,-0.201817,1.464568,0.9468938,-2.935527
-6.751366,0.6799751,-0.4693046,-1.861656,1.583997,1.987586,-0.8011687,-0.9609059,0.1710214,0.01747276,-0.5445662,-0.201817,1.464568,0.9468938,-2.935527
-6.751366,0.6799751,-0.4693046,-1.861656,1.583997,1.987586,-0.8011687,-0.9512831,0.1705291,0.01747276,-0.5363971,-0.201817,1.464568,0.9468938,-2.942663
-6.751366,0.6799751,-0.4693046,-1.864188,1.59207,1.990858,-0.8011687,-0.9588783,0.1705291,0.01221072,-0.5361373,-0.201817,1.466579,0.9468938,-2.936645
-6.751366,0.6789801,-0.4693046,-1.864188,1.59207,1.990858,-0.8011687,-0.9588783,0.1705291,0.01221072,-0.5361373,-0.201817,1.466579,0.9468938,-2.936645
-6.751366,0.6844453,-0.4693046,-1.864188,1.59207,1.990858,-0.8011687,-0.9665981,0.1705291,0.01221072,-0.5361373,-0.201817,1.466579,0.9468938,-2.936916
-6.751366,0.6844453,-0.4693046,-1.864188,1.576633,1.982248,-0.7854777,-0.9661188,0.1705291,0.01035426,-0.5301265,-0.201817,1.458768,0.9353053,-2.921429
-6.751366,0.6844453,-0.4693046,-1.864265,1.574177,1.982248,-0.802752,-0.9757686,0.1705291,-0.00215972,-0.5301265,-0.2062845,1.44578,0.9444207,-2.932211
-6.751366,0.6901823,-0.4693046,-1.864265,1.574177,1.991587,-0.802752,-0.9757686,0.1705291,-0.00215972,-0.5212308,-0.2091068,1.44578,0.9444207,-2.93255
-6.751366,0.6901823,-0.4693046,-1.854423,1.574177,1.991587,-0.802752,-0.9677892,0.1669269,-0.00215972,-0.5170853,-0.2091068,1.452249,0.9444207,-2.93255
-6.751366,0.6901823,-0.4693046,-1.854423,1.574177,1.991587,-0.802752,-0.9677892,0.1729343,-0.00215972,-0.525052,-0.1928346,1.452249,0.9444207,-2.915534
-6.751366,0.6901823,-0.4693046,-1.854423,1.574177,1.991587,-0.802752,-0.9677892,0.1729343,-0.008249788,-0.5365838,-0.1928346,1.452249,0.9309057,-2.906621
-6.751366,0.6963817,-0.4755535,-1.854423,1.581542,1.991587,-0.802752,-0.9677892,0.1729343,-0.008249788,-0.5365838,-0.1928346,1.450071,0.9309057,-2.906148
-6.751366,0.7064223,-0.4755535,-1.842031,1.581542,1.991587,-0.802752,-0.9677892,0.1729343,-0.008249788,-0.5365838,-0.1926888,1.450071,0.9403608,-2.906148
-6.751366,0.7113745,-0.4957428,-1.839671,1.581542,1.991587,-0.802752,-0.9677892,0.1729343,-0.008249788,-0.5365838,-0.1926888,1.450071,0.9403608,-2.906148
-6.751366,0.7113745,-0.4957428,-1.839671,1.581542,1.995519,-0.802752,-0.9677892,0.1706851,-0.01419612,-0.5348365,-0.1926888,1.451873,0.9362373,-2.900477
-6.751366,0.7113745,-0.4957428,-1.843763,1.581542,1.995519,-0.8124171,-0.9677892,0.1706851,-0.01419612,-0.5348365,-0.1926888,1.461773,0.9362373,-2.900477
-6.751366,0.7113745,-0.4957428,-1.84043,1.576498,1.995519,-0.8124171,-0.9677892,0.1706851,-0.01419612,-0.5348365,-0.1926888,1.461773,0.9362373,-2.900477
-6.751366,0.7113745,-0.4957428,-1.84043,1.576498,1.995519,-0.8124171,-0.963621,0.1706851,-0.02795544,-0.5348365,-0.1926888,1.461773,0.9362373,-2.900477
-6.751366,0.7113745,-0.4957428,-1.84043,1.576498,1.995519,-0.8124171,-0.963621,0.1706851,-0.02795544,-0.5348365,-0.1926888,1.461773,0.9362373,-2.900477
-6.751366,0.7113745,-0.4957428,-1.84043,1.576498,1.998626,-0.8124171,-0.963621,0.1606375,-0.02795544,-0.5348365,-0.1926888,1.461773,0.9362373,-2.900477
-6.751366,0.7113745,-0.4957428,-1.84043,1.576498,2.015331,-0.8006021,-0.9561494,0.1606375,-0.02021504,-0.5238363,-0.1998817,1.461773,0.9362373,-2.900477
-6.751366,0.7113745,-0.4957428,-1.84043,1.576498,2.015331,-0.8006021,-0.9697919,0.1606375,-0.02021504,-0.5238363,-0.1998817,1.461773,0.9362373,-2.900477
-6.751366,0.7113745,-0.4895899,-1.844465,1.576498,2.015331,-0.7958282,-0.9697919,0.1516962,-0.02021504,-0.5238363,-0.1998817,1.461773,0.9355835,-2.900477
-6.751366,0.7113745,-0.4895899,-1.844353,1.586105,1.994756,-0.7876422,-0.9551722,0.1516962,-0.02580123,-0.5238363,-0.1912886,1.470223,0.9355835,-2.900477
-6.751366,0.7113745,-0.4824663,-1.844353,1.586105,1.994756,-0.7876422,-0.9551722,0.1544517,-0.02580123,-0.5238363,-0.1912886,1.447915,0.9355835,-2.900477
-6.751366,0.7113745,-0.4983984,-1.837499,1.586105,1.986303,-0.7929676,-0.9548209,0.1544517,-0.02580123,-0.5238363,-0.1912886,1.447915,0.9364185,-2.900477
-6.751366,0.7113745,-0.4983984,-1.837499,1.586105,1.986303,-0.7929676,-0.9548209,0.1453841,-0.02580123,-0.5238363,-0.1912886,1.447915,0.9364185,-2.900477
-6.751366,0.7142593,-0.4979067,-1.84281,1.583379,1.998522,-0.7864555,-0.9548209,0.1453841,-0.02580123,-0.5238363,-0.2185763,1.447915,0.9312262,-2.900477
-6.751366,0.7142593,-0.4979067,-1.84281,1.583379,1.998522,-0.7864555,-0.9548209,0.1453841,-0.02861477,-0.5238363,-0.2214842,1.449291,0.9358265,-2.900477
-6.751366,0.7109908,-0.5005556,-1.839446,1.573498,1.998522,-0.7876261,-0.9548209,0.1405655,-0.0279474,-0.5399397,-0.2056557,1.453262,0.9224272,-2.900477
